[12:06:01.826] OnSourceInitialized start
[12:06:01.827] HWND=7475010
[12:06:01.828] GWL_EXSTYLE before: 0x00080008
[12:06:01.828] GWL_EXSTYLE after: 0x080800A8
[12:06:01.829] Screen 0: {X=0,Y=0,Width=2560,Height=1440}
[12:06:01.830] Engine+Renderer OK
[12:06:01.831] Pipe client starting
[12:06:01.831] OnSourceInitialized OK
[12:07:14.514] OnSourceInitialized start
[12:07:14.515] HWND=528012
[12:07:14.516] GWL_EXSTYLE before: 0x00080008
[12:07:14.517] GWL_EXSTYLE after: 0x080800A8
[12:07:14.517] Screen 0: {X=0,Y=0,Width=2560,Height=1440}
[12:07:14.519] Engine+Renderer OK
[12:07:14.519] Pipe client starting
[12:07:14.520] OnSourceInitialized OK
[12:07:45.323] OnSourceInitialized start
[12:07:45.324] HWND=1248246
[12:07:45.324] GWL_EXSTYLE before: 0x00080008
[12:07:45.325] GWL_EXSTYLE after: 0x080800A8
[12:07:45.325] Screen 0: {X=0,Y=0,Width=2560,Height=1440}
[12:07:45.327] Engine+Renderer OK
[12:07:45.327] Pipe client starting
[12:07:45.328] OnSourceInitialized OK
[12:14:48.601] OnSourceInitialized start
[12:14:48.602] HWND=2428428
[12:14:48.603] GWL_EXSTYLE before: 0x00080008
[12:14:48.604] GWL_EXSTYLE after: 0x080800A8
[12:14:48.605] Screen 0: {X=0,Y=0,Width=2560,Height=1440}
[12:14:48.607] Engine+Renderer OK
[12:14:48.607] Pipe client starting
[12:14:48.608] OnSourceInitialized OK
[12:14:53.392] Pipe: Pipe error: 调用线程无法访问此对象，因为另一个线程拥有该对象。
[12:17:30.847] OnSourceInitialized start
[12:17:30.847] HWND=1969608
[12:17:30.848] GWL_EXSTYLE before: 0x00080008
[12:17:30.848] GWL_EXSTYLE after: 0x080800A8
[12:17:30.848] Screen 0: {X=0,Y=0,Width=2560,Height=1440}
[12:17:30.849] Engine+Renderer OK
[12:17:30.849] Pipe client starting
[12:17:30.849] OnSourceInitialized OK
[12:17:32.324] Pipe: Pipe error: 调用线程无法访问此对象，因为另一个线程拥有该对象。
[12:19:53.672] OnSourceInitialized start
[12:19:53.673] HWND=267340
[12:19:53.673] GWL_EXSTYLE before: 0x00080008
[12:19:53.674] GWL_EXSTYLE after: 0x080800A8
[12:19:53.674] Screen 0: {X=0,Y=0,Width=2560,Height=1440}
[12:19:53.675] Engine+Renderer OK
[12:19:53.676] Pipe client starting
[12:19:53.676] OnSourceInitialized OK
[12:19:53.931] Pipe connected event
[12:19:55.309] Pipe msg received
[12:19:55.311] Pipe err: Pipe error: 调用线程无法访问此对象，因为另一个线程拥有该对象。
[12:19:55.311] Pipe disconnected event
[12:23:19.204] OnSourceInitialized start
[12:23:19.205] HWND=856522
[12:23:19.206] GWL_EXSTYLE before: 0x00080008
[12:23:19.207] GWL_EXSTYLE after: 0x080800A8
[12:23:19.207] Screen 0: {X=0,Y=0,Width=2560,Height=1440}
[12:23:19.208] Engine+Renderer OK
[12:23:19.209] Pipe client starting
[12:23:19.209] OnSourceInitialized OK
[12:23:19.429] Pipe connected event
[12:23:20.399] Pipe msg received
[12:23:20.402] Pipe msg received
[12:23:20.402] Pipe msg received
[12:23:20.720] Pipe msg received
[12:23:23.080] Pipe msg received
[12:23:23.082] Pipe msg received
[12:23:23.082] Pipe msg received
[12:23:23.083] Pipe msg received
[12:23:24.640] Pipe msg received
[12:23:24.641] Pipe msg received
[12:23:25.579] Pipe msg received
[12:23:25.928] Pipe msg received
[12:23:25.929] Pipe msg received
[12:23:26.876] Pipe msg received
[12:23:28.154] Pipe msg received
[12:23:28.524] Pipe msg received
[12:23:29.838] Pipe msg received
[12:23:29.839] Pipe msg received
[12:23:33.376] Pipe msg received
[12:23:33.378] Pipe msg received
[12:23:33.738] Pipe msg received
[12:23:33.739] Pipe msg received
[12:23:35.032] Pipe msg received
[12:23:35.971] Pipe msg received
[12:23:36.321] Pipe msg received
[12:23:37.640] Pipe msg received
[12:23:37.640] Pipe msg received
[12:23:38.583] Pipe msg received
[12:23:38.922] Pipe msg received
[12:23:39.900] Pipe msg received
[12:23:39.901] Pipe msg received
[12:23:39.902] Pipe msg received
[12:23:39.903] Pipe msg received
[12:23:40.252] Pipe msg received
[12:23:40.254] Pipe msg received
[12:23:43.636] OnSourceInitialized start
[12:23:43.636] HWND=333006
[12:23:43.636] GWL_EXSTYLE before: 0x00080008
[12:23:43.636] GWL_EXSTYLE after: 0x080800A8
[12:23:43.636] Screen 0: {X=0,Y=0,Width=2560,Height=1440}
[12:23:43.637] Engine+Renderer OK
[12:23:43.638] Pipe client starting
[12:23:43.638] OnSourceInitialized OK
[12:23:43.855] Pipe connected event
[12:23:45.105] Pipe msg received
[12:23:45.106] Pipe msg received
[12:23:45.106] Pipe msg received
[12:23:45.107] Pipe msg received
[12:23:45.425] Pipe msg received
[12:23:46.389] Pipe msg received
[12:23:47.740] Pipe msg received
[12:23:47.741] Pipe msg received
[12:23:48.026] Pipe msg received
[12:23:48.976] Pipe msg received
[12:23:50.283] Pipe msg received
[12:23:51.585] Pipe msg received
[12:23:51.586] Pipe msg received
[12:23:51.925] Pipe msg received
[12:23:52.851] Pipe msg received
[12:23:53.223] Pipe msg received
[12:23:55.470] Pipe msg received
[12:23:56.780] Pipe msg received
[12:24:01.023] Pipe msg received
[12:24:04.591] Pipe msg received
[12:24:10.154] Pipe msg received
[12:24:10.155] Pipe msg received
[12:24:16.275] Pipe msg received
[12:24:16.625] Pipe msg received
[12:24:20.524] Pipe msg received
[12:24:23.127] Pipe msg received
[12:24:25.364] Pipe msg received
[12:24:26.698] Pipe msg received
[12:24:26.699] Pipe msg received
[12:24:27.982] Pipe msg received
[12:24:28.325] Pipe msg received
[12:24:29.636] Pipe msg received
[12:24:30.596] Pipe msg received
[12:24:30.924] Pipe msg received
[12:24:31.912] Pipe msg received
[12:24:33.542] Pipe msg received
[12:24:33.543] Pipe msg received
[12:24:34.825] Pipe msg received
[12:24:35.800] Pipe msg received
[12:24:35.801] Pipe msg received
[12:24:36.147] Pipe msg received
[12:24:36.148] Pipe msg received
[12:24:36.148] Pipe msg received
[12:24:37.077] Pipe msg received
[12:24:37.079] Pipe msg received
[12:24:38.725] Pipe msg received
[12:24:41.329] Pipe msg received
[12:24:41.330] Pipe msg received
[12:24:42.266] Pipe msg received
[12:24:47.477] Pipe msg received
[12:24:47.825] Pipe msg received
[12:24:49.140] Pipe msg received
[12:24:49.141] Pipe msg received
[12:24:50.081] Pipe msg received
[12:24:50.082] Pipe msg received
[12:24:50.083] Pipe msg received
[12:24:50.083] Pipe msg received
[12:24:50.453] Pipe msg received
[12:24:50.453] Pipe msg received
[12:24:51.426] Pipe msg received
[12:24:51.427] Pipe msg received
[12:24:51.428] Pipe msg received
[12:24:51.428] Pipe msg received
[12:24:51.428] Pipe msg received
[12:24:51.748] Pipe msg received
[12:24:52.701] Pipe msg received
[12:24:52.702] Pipe msg received
[12:24:52.702] Pipe msg received
[12:24:52.703] Pipe msg received
[12:24:53.051] Pipe msg received
[12:24:53.051] Pipe msg received
[12:24:53.052] Pipe msg received
[12:24:53.998] Pipe msg received
[12:24:53.999] Pipe msg received
[12:24:54.000] Pipe msg received
[12:24:54.326] Pipe msg received
[12:24:55.270] Pipe msg received
[12:24:55.626] Pipe msg received
[12:24:57.882] Pipe msg received
[12:24:57.884] Pipe msg received
[12:24:58.226] Pipe msg received
[12:25:00.477] Pipe msg received
[12:25:01.780] Pipe msg received
[12:25:03.073] Pipe msg received
[12:25:06.025] Pipe msg received
[12:25:09.580] Pipe msg received
[12:25:13.479] Pipe msg received
[12:25:13.826] Pipe msg received
[12:25:14.793] Pipe msg received
[12:25:14.794] Pipe msg received
[12:25:15.133] Pipe msg received
[12:25:15.134] Pipe msg received
[12:25:16.121] Pipe msg received
[12:25:16.122] Pipe msg received
[12:25:16.123] Pipe msg received
[12:25:16.125] Pipe msg received
[12:25:16.126] Pipe msg received
[12:25:16.431] Pipe msg received
[12:25:16.432] Pipe msg received
[12:25:17.417] Pipe msg received
[12:25:17.420] Pipe msg received
[12:25:17.421] Pipe msg received
[12:25:17.421] Pipe msg received
[12:25:17.762] Pipe msg received
[12:25:17.763] Pipe msg received
[12:25:17.764] Pipe msg received
[12:25:17.765] Pipe msg received
[12:25:18.721] Pipe msg received
[12:25:18.722] Pipe msg received
[12:25:18.722] Pipe msg received
[12:25:18.723] Pipe msg received
[12:25:18.723] Pipe msg received
[12:25:18.723] Pipe msg received
[12:25:18.724] Pipe msg received
[12:25:18.724] Pipe msg received
[12:25:19.045] Pipe msg received
[12:25:19.047] Pipe msg received
[12:25:20.014] Pipe msg received
[12:25:20.014] Pipe msg received
[12:25:20.015] Pipe msg received
[12:25:20.015] Pipe msg received
[12:25:20.016] Pipe msg received
[12:25:20.016] Pipe msg received
[12:25:20.017] Pipe msg received
[12:25:20.017] Pipe msg received
[12:25:20.361] Pipe msg received
[12:25:20.362] Pipe msg received
[12:25:20.363] Pipe msg received
[12:25:20.363] Pipe msg received
[12:25:21.275] Pipe msg received
[12:25:21.645] Pipe msg received
[12:25:21.646] Pipe msg received
[12:25:23.896] Pipe msg received
[12:25:24.230] Pipe msg received
[12:25:24.232] Pipe msg received
[12:25:25.168] Pipe msg received
[12:25:25.543] Pipe msg received
[12:25:25.544] Pipe msg received
[12:25:27.774] Pipe msg received
[12:25:29.088] Pipe msg received
[12:25:29.089] Pipe msg received
[12:25:29.090] Pipe msg received
[12:25:29.090] Pipe msg received
[12:25:29.427] Pipe msg received
[12:25:30.382] Pipe msg received
[12:25:30.383] Pipe msg received
[12:25:30.383] Pipe msg received
[12:25:30.745] Pipe msg received
[12:25:30.746] Pipe msg received
[12:25:31.738] Pipe msg received
[12:25:31.739] Pipe msg received
[12:25:31.740] Pipe msg received
[12:25:31.740] Pipe msg received
[12:25:31.740] Pipe msg received
[12:25:31.740] Pipe msg received
[12:25:31.741] Pipe msg received
[12:25:32.047] Pipe msg received
[12:25:32.048] Pipe msg received
[12:25:33.025] Pipe msg received
[12:25:33.026] Pipe msg received
[12:25:33.026] Pipe msg received
[12:25:33.026] Pipe msg received
[12:25:33.027] Pipe msg received
[12:25:33.027] Pipe msg received
[12:25:33.350] Pipe msg received
[12:25:33.350] Pipe msg received
[12:25:33.351] Pipe msg received
[12:25:34.291] Pipe msg received
[12:25:34.292] Pipe msg received
[12:25:34.292] Pipe msg received
[12:25:34.665] Pipe msg received
[12:25:34.666] Pipe msg received
[12:25:34.666] Pipe msg received
[12:25:34.666] Pipe msg received
[12:25:35.657] Pipe msg received
[12:25:35.658] Pipe msg received
[12:25:35.658] Pipe msg received
[12:25:35.658] Pipe msg received
[12:25:35.658] Pipe msg received
[12:25:35.659] Pipe msg received
[12:25:35.967] Pipe msg received
[12:25:35.968] Pipe msg received
[12:25:35.969] Pipe msg received
[12:25:35.969] Pipe msg received
[12:25:36.876] Pipe msg received
[12:25:36.876] Pipe msg received
[12:25:37.269] Pipe msg received
[12:25:37.269] Pipe msg received
[12:25:37.270] Pipe msg received
[12:25:38.181] Pipe msg received
[12:25:38.182] Pipe msg received
[12:25:38.528] Pipe msg received
[12:25:39.511] Pipe msg received
[12:25:39.512] Pipe msg received
[12:25:39.512] Pipe msg received
[12:25:39.841] Pipe msg received
[12:25:40.788] Pipe msg received
[12:25:40.789] Pipe msg received
[12:25:40.790] Pipe msg received
[12:25:40.791] Pipe msg received
[12:25:41.129] Pipe msg received
[12:25:42.074] Pipe msg received
[12:25:42.425] Pipe msg received
[12:25:43.386] Pipe msg received
[12:25:43.750] Pipe msg received
[12:25:43.750] Pipe msg received
[12:25:43.751] Pipe msg received
[12:25:44.735] Pipe msg received
[12:25:45.056] Pipe msg received
[12:25:45.057] Pipe msg received
[12:25:45.058] Pipe msg received
[12:25:45.987] Pipe msg received
[12:25:45.987] Pipe msg received
[12:25:46.326] Pipe msg received
[12:25:47.317] Pipe msg received
[12:25:47.319] Pipe msg received
[12:25:47.320] Pipe msg received
[12:25:47.320] Pipe msg received
[12:25:47.670] Pipe msg received
[12:25:47.671] Pipe msg received
[12:25:47.671] Pipe msg received
[12:25:47.672] Pipe msg received
[12:25:47.672] Pipe msg received
[12:25:48.605] Pipe msg received
[12:25:48.606] Pipe msg received
[12:25:48.606] Pipe msg received
[12:25:48.945] Pipe msg received
[12:25:48.946] Pipe msg received
[12:25:51.185] Pipe msg received
[12:25:51.186] Pipe msg received
[12:25:51.550] Pipe msg received
[12:25:51.550] Pipe msg received
[12:25:52.487] Pipe msg received
[12:25:52.487] Pipe msg received
[12:25:52.488] Pipe msg received
[12:25:52.825] Pipe msg received
[12:25:53.804] Pipe msg received
[12:25:53.805] Pipe msg received
[12:25:53.805] Pipe msg received
[12:25:55.087] Pipe msg received
[12:25:55.089] Pipe msg received
[12:25:56.393] Pipe msg received
[12:25:56.394] Pipe msg received
[12:25:56.746] Pipe msg received
[12:25:56.748] Pipe msg received
[12:25:57.690] Pipe msg received
[12:25:58.028] Pipe msg received
[12:25:58.986] Pipe msg received
[12:25:58.986] Pipe msg received
[12:25:58.987] Pipe msg received
[12:25:58.987] Pipe msg received
[12:25:59.352] Pipe msg received
[12:25:59.353] Pipe msg received
[12:26:00.269] Pipe msg received
[12:26:01.577] Pipe msg received
[12:26:01.927] Pipe msg received
[12:26:02.878] Pipe msg received
[12:26:03.228] Pipe msg received
[12:26:04.220] Pipe msg received
[12:26:04.222] Pipe msg received
[12:26:04.548] Pipe msg received
[12:26:04.549] Pipe msg received
[12:26:05.492] Pipe msg received
[12:26:05.829] Pipe msg received
[12:26:06.769] Pipe msg received
[12:26:07.130] Pipe msg received
[12:26:08.445] Pipe msg received
[12:26:08.446] Pipe msg received
[12:26:09.372] Pipe msg received
[12:26:09.374] Pipe msg received
[12:26:10.707] Pipe msg received
[12:26:10.707] Pipe msg received
[12:26:11.027] Pipe msg received
[12:26:11.985] Pipe msg received
[12:26:13.287] Pipe msg received
[12:26:13.646] Pipe msg received
[12:26:13.646] Pipe msg received
[12:26:14.582] Pipe msg received
[12:26:17.526] Pipe msg received
[12:26:20.143] Pipe msg received
[12:26:20.143] Pipe msg received
[12:26:21.428] Pipe msg received
[12:26:23.694] Pipe msg received
[12:26:24.049] Pipe msg received
[12:26:24.049] Pipe msg received
[12:26:26.654] Pipe msg received
[12:26:26.654] Pipe msg received
[12:26:26.655] Pipe msg received
[12:26:29.229] Pipe msg received
[12:26:30.541] Pipe msg received
[12:26:30.806] Pipe msg received
[12:26:34.428] Pipe msg received
[12:26:36.689] Pipe msg received
[12:26:37.052] Pipe msg received
[12:26:37.053] Pipe msg received
[12:26:37.988] Pipe msg received
[12:26:39.647] Pipe msg received
[12:26:39.648] Pipe msg received
[12:26:40.933] Pipe msg received
[12:26:41.884] Pipe msg received
[12:26:41.884] Pipe msg received
[12:26:42.229] Pipe msg received
[12:26:44.834] Pipe msg received
[12:26:45.787] Pipe msg received
[12:26:46.131] Pipe msg received
[12:26:47.089] Pipe msg received
[12:26:47.089] Pipe msg received
[12:26:47.449] Pipe msg received
[12:26:47.449] Pipe msg received
[12:26:48.372] Pipe msg received
[12:26:48.731] Pipe msg received
[12:26:50.030] Pipe msg received
[12:26:50.983] Pipe msg received
[12:26:51.330] Pipe msg received
[12:26:52.282] Pipe msg received
[12:26:52.283] Pipe msg received
[12:26:52.632] Pipe msg received
[12:26:54.877] Pipe msg received
[12:26:56.546] Pipe msg received
[12:26:56.547] Pipe msg received
[12:26:57.484] Pipe msg received
[12:26:57.484] Pipe msg received
[12:26:57.837] Pipe msg received
[12:27:00.097] Pipe msg received
[12:27:01.377] Pipe msg received
[12:27:01.729] Pipe msg received
[12:27:03.028] Pipe msg received
[12:27:04.328] Pipe msg received
[12:27:05.291] Pipe msg received
[12:27:05.653] Pipe msg received
[12:27:05.654] Pipe msg received
[12:27:05.654] Pipe msg received
[12:27:08.230] Pipe msg received
[12:27:09.529] Pipe msg received
[12:27:10.505] Pipe msg received
[12:27:11.789] Pipe msg received
[12:27:14.376] Pipe msg received
[12:27:14.751] Pipe msg received
[12:27:14.752] Pipe msg received
[12:27:14.753] Pipe msg received
[12:27:17.002] Pipe msg received
[12:27:20.886] Pipe msg received
[12:27:21.229] Pipe msg received
[12:27:22.530] Pipe msg received
[12:27:23.850] Pipe msg received
[12:27:23.851] Pipe msg received
[12:27:25.130] Pipe msg received
[12:27:26.448] Pipe msg received
[12:27:26.449] Pipe msg received
[12:27:27.731] Pipe msg received
[12:27:29.032] Pipe msg received
[12:27:29.972] Pipe msg received
[12:27:34.230] Pipe msg received
[12:27:36.832] Pipe msg received
[12:27:39.431] Pipe msg received
[12:27:42.978] Pipe msg received
[12:27:44.276] Pipe msg received
[12:27:44.657] Pipe msg received
[12:27:44.657] Pipe msg received
[12:27:44.658] Pipe msg received
[12:27:49.510] Pipe msg received
[12:27:52.078] Pipe msg received
[12:27:52.450] Pipe msg received
[12:27:52.451] Pipe msg received
[12:27:55.972] Pipe msg received
[12:27:55.974] Pipe msg received
[12:27:55.974] Pipe msg received
[12:27:56.332] Pipe msg received
[12:27:57.283] Pipe msg received
[12:28:02.848] Pipe msg received
[12:28:02.849] Pipe msg received
[12:28:04.151] Pipe msg received
[12:28:04.151] Pipe msg received
[12:28:05.433] Pipe msg received
[12:28:06.732] Pipe msg received
[12:28:07.685] Pipe msg received
[12:28:07.686] Pipe msg received
[12:28:10.633] Pipe msg received
[12:28:16.781] Pipe msg received
[12:28:16.781] Pipe msg received
[12:28:17.132] Pipe msg received
[12:28:18.431] Pipe msg received
[12:28:20.695] Pipe msg received
[12:28:21.033] Pipe msg received
[12:28:25.889] Pipe msg received
[12:28:25.890] Pipe msg received
[12:28:26.231] Pipe msg received
[12:28:28.509] Pipe msg received
[12:28:30.149] Pipe msg received
[12:28:30.150] Pipe msg received
[12:28:33.684] Pipe msg received
[12:28:34.033] Pipe msg received
[12:28:41.832] Pipe msg received
[12:28:42.782] Pipe msg received
[12:28:44.448] Pipe msg received
[12:28:44.449] Pipe msg received
[12:28:45.732] Pipe msg received
[12:28:46.693] Pipe msg received
[12:28:46.693] Pipe msg received
[12:28:47.031] Pipe msg received
[12:28:47.976] Pipe msg received
[12:28:48.334] Pipe msg received
[12:28:49.285] Pipe msg received
[12:28:49.631] Pipe msg received
[12:28:51.890] Pipe msg received
[12:28:52.232] Pipe msg received
[12:28:58.733] Pipe msg received
[12:29:02.643] Pipe msg received
[12:29:05.233] Pipe msg received
[12:29:10.433] Pipe msg received
[12:29:13.992] Pipe msg received
[12:29:14.331] Pipe msg received
[12:29:15.651] Pipe msg received
[12:29:15.652] Pipe msg received
[12:29:16.582] Pipe msg received
[12:29:16.933] Pipe msg received
[12:29:19.182] Pipe msg received
[12:29:24.753] Pipe msg received
[12:29:24.753] Pipe msg received
[12:29:28.276] Pipe msg received
[12:29:28.636] Pipe msg received
[12:29:36.090] Pipe msg received
[12:29:40.335] Pipe msg received
[12:29:44.257] Pipe msg received
[12:29:44.257] Pipe msg received
[12:29:48.134] Pipe msg received
[12:29:49.434] Pipe msg received
[12:29:50.735] Pipe msg received
[12:29:51.698] Pipe msg received
[12:29:51.699] Pipe msg received
[12:29:52.053] Pipe msg received
[12:29:52.054] Pipe msg received
[12:29:56.880] Pipe msg received
[12:29:59.479] Pipe msg received
[12:29:59.833] Pipe msg received
[12:30:01.135] Pipe msg received
[12:30:03.379] Pipe msg received
[12:30:05.033] Pipe msg received
[12:30:08.584] Pipe msg received
[12:30:11.548] Pipe msg received
[12:30:12.836] Pipe msg received
[12:30:16.358] Pipe msg received
[12:30:16.736] Pipe msg received
[12:30:20.635] Pipe msg received
[12:30:21.601] Pipe msg received
[12:30:24.195] Pipe msg received
[12:30:24.553] Pipe msg received
[12:30:24.554] Pipe msg received
[12:30:25.836] Pipe msg received
[12:30:27.134] Pipe msg received
[12:30:28.434] Pipe msg received
[12:30:29.751] Pipe msg received
[12:30:29.752] Pipe msg received
[12:30:31.055] Pipe msg received
[12:30:31.056] Pipe msg received
[12:30:36.236] Pipe msg received
[12:30:50.158] Pipe msg received
[12:30:54.436] Pipe msg received
[12:30:56.715] Pipe msg received
[12:30:56.716] Pipe msg received
[12:30:57.041] Pipe msg received
[12:30:57.042] Pipe msg received
[12:30:58.334] Pipe msg received
[12:31:00.944] Pipe msg received
[12:31:01.894] Pipe msg received
[12:31:02.238] Pipe msg received
[12:31:03.201] Pipe msg received
[12:31:07.087] Pipe msg received
[12:31:08.392] Pipe msg received
[12:31:10.049] Pipe msg received
[12:31:12.279] Pipe msg received
[12:31:12.639] Pipe msg received
[12:31:14.882] Pipe msg received
[12:31:15.238] Pipe msg received
[12:31:22.661] Pipe msg received
[12:31:23.980] Pipe msg received
[12:31:30.834] Pipe msg received
[12:31:33.082] Pipe msg received
[12:31:37.337] Pipe msg received
[12:31:41.237] Pipe msg received
[12:31:42.180] Pipe msg received
[12:31:42.538] Pipe msg received
[12:31:44.779] Pipe msg received
[12:31:44.779] Pipe msg received
[12:31:44.780] Pipe msg received
[12:31:45.138] Pipe msg received
[12:31:46.086] Pipe msg received
[12:31:46.451] Pipe msg received
[12:31:47.742] Pipe msg received
[12:31:50.334] Pipe msg received
[12:31:51.638] Pipe msg received
[12:31:53.893] Pipe msg received
[12:31:55.179] Pipe msg received
[12:31:56.501] Pipe msg received
[12:31:56.837] Pipe msg received
[12:31:59.115] Pipe msg received
[12:31:59.438] Pipe msg received
[12:32:02.987] Pipe msg received
[12:32:08.209] Pipe msg received
[12:32:12.456] Pipe msg received
[12:32:12.456] Pipe msg received
[12:32:13.743] Pipe msg received
[12:32:16.013] Pipe msg received
[12:32:16.013] Pipe msg received
[12:32:18.955] Pipe msg received
[12:32:18.956] Pipe msg received
[12:32:19.894] Pipe msg received
[12:32:20.239] Pipe msg received
[12:32:21.555] Pipe msg received
[12:32:21.555] Pipe msg received
[12:32:23.828] Pipe msg received
[12:32:27.703] Pipe msg received
[12:32:28.037] Pipe msg received
[12:32:29.002] Pipe msg received
[12:32:29.341] Pipe msg received
[12:32:34.541] Pipe msg received
[12:32:39.397] Pipe msg received
[12:32:39.738] Pipe msg received
[12:32:43.307] Pipe msg received
[12:32:43.308] Pipe msg received
[12:32:43.639] Pipe msg received
[12:32:52.387] Pipe msg received
[12:32:56.293] Pipe msg received
[12:33:01.503] Pipe msg received
[12:33:01.860] Pipe msg received
[12:33:01.860] Pipe msg received
[12:33:06.682] Pipe msg received
[12:33:09.284] Pipe msg received
[12:33:14.838] Pipe msg received
[12:33:16.140] Pipe msg received
[21:36:22.968] OnSourceInitialized start
[21:36:22.970] HWND=1445740
[21:36:22.970] GWL_EXSTYLE before: 0x00080008
[21:36:22.971] GWL_EXSTYLE after: 0x080800A8
[21:36:22.971] Screen 0: {X=0,Y=0,Width=2560,Height=1440}
[21:36:22.973] Engine+Renderer OK
[21:36:22.973] Pipe client starting
[21:36:22.974] OnSourceInitialized OK
[21:36:22.981] Pipe connected event
[21:36:25.616] Pipe msg received
[21:36:26.916] Pipe msg received
[21:36:27.360] Pipe msg received
[21:36:28.213] Pipe msg received
[21:36:28.650] Pipe msg received
[21:36:28.651] Pipe msg received
[21:36:29.514] Pipe msg received
[21:36:29.963] Pipe msg received
[21:36:31.288] Pipe msg received
[21:36:31.288] Pipe msg received
[21:36:31.289] Pipe msg received
[21:36:32.136] Pipe msg received
[21:36:32.137] Pipe msg received
[21:36:32.601] Pipe msg received
[21:36:32.602] Pipe msg received
[21:36:32.602] Pipe msg received
[21:36:33.883] Pipe msg received
[21:36:34.718] Pipe msg received
[21:36:36.462] Pipe msg received
[21:36:36.463] Pipe msg received
[21:36:37.803] Pipe msg received
[21:36:37.805] Pipe msg received
[21:36:37.806] Pipe msg received
[21:36:37.807] Pipe msg received
[21:36:39.091] Pipe msg received
[21:36:39.092] Pipe msg received
[21:36:39.092] Pipe msg received
[21:36:39.934] Pipe msg received
[21:36:39.934] Pipe msg received
[21:36:40.354] Pipe msg received
[21:36:40.355] Pipe msg received
[21:36:40.787] Pipe msg received
[21:36:41.666] Pipe msg received
[21:36:43.820] Pipe msg received
[21:36:43.821] Pipe msg received
[21:36:44.245] Pipe msg received
[21:36:46.416] Pipe msg received
[21:36:46.893] Pipe msg received
[21:36:47.754] Pipe msg received
[21:36:47.755] Pipe msg received
[21:36:47.755] Pipe msg received
[21:36:47.756] Pipe msg received
[21:36:49.015] Pipe msg received
[21:36:49.478] Pipe msg received
[21:36:50.350] Pipe msg received
[21:36:50.351] Pipe msg received
[21:36:50.352] Pipe msg received
[21:36:50.798] Pipe msg received
[21:36:51.727] OnSourceInitialized start
[21:36:51.727] HWND=3543066
[21:36:51.727] GWL_EXSTYLE before: 0x00080008
[21:36:51.727] GWL_EXSTYLE after: 0x080800A8
[21:36:51.727] Screen 0: {X=0,Y=0,Width=2560,Height=1440}
[21:36:51.728] Engine+Renderer OK
[21:36:51.728] Pipe client starting
[21:36:51.729] OnSourceInitialized OK
[21:37:56.500] OnSourceInitialized start
[21:37:56.501] HWND=2953182
[21:37:56.501] GWL_EXSTYLE before: 0x00080008
[21:37:56.501] GWL_EXSTYLE after: 0x080800A8
[21:37:56.501] Screen 0: {X=0,Y=0,Width=2560,Height=1440}
[21:37:56.503] Engine+Renderer OK
[21:37:56.503] Pipe client starting
[21:37:56.504] OnSourceInitialized OK
[21:43:43.475] OnSourceInitialized start
[21:43:43.476] HWND=2756520
[21:43:43.476] GWL_EXSTYLE before: 0x00080008
[21:43:43.477] GWL_EXSTYLE after: 0x080800A8
[21:43:43.477] Screen 0: {X=0,Y=0,Width=2560,Height=1440}
[21:43:43.479] Engine+Renderer OK
[21:43:43.480] Pipe client starting
[21:43:43.480] OnSourceInitialized OK
[21:43:43.485] Pipe connected event
[21:43:49.597] Pipe msg received
[21:43:57.273] OnSourceInitialized start
[21:43:57.274] HWND=2822056
[21:43:57.274] GWL_EXSTYLE before: 0x00080008
[21:43:57.274] GWL_EXSTYLE after: 0x080800A8
[21:43:57.274] Screen 0: {X=0,Y=0,Width=2560,Height=1440}
[21:43:57.275] Engine+Renderer OK
[21:43:57.275] Pipe client starting
[21:43:57.276] OnSourceInitialized OK
[21:47:38.307] OnSourceInitialized start
[21:47:38.307] HWND=3346402
[21:47:38.307] GWL_EXSTYLE before: 0x00080008
[21:47:38.308] GWL_EXSTYLE after: 0x080800A8
[21:47:38.308] Screen 0: {X=0,Y=0,Width=2560,Height=1440}
[21:47:38.309] Engine+Renderer OK
[21:47:38.310] Pipe client starting
[21:47:38.310] OnSourceInitialized OK
[21:47:38.317] Pipe connected event
[21:47:40.338] Pipe msg received
[21:47:40.339] Pipe msg received
[21:47:41.624] Pipe msg received
[21:47:42.468] Pipe msg received
[21:47:42.922] Pipe msg received
[21:47:44.222] Pipe msg received
[21:47:45.110] Pipe msg received
[21:47:45.133] Pipe msg received
[21:47:46.843] Pipe msg received
[21:47:46.843] Pipe msg received
[21:47:46.844] Pipe msg received
[21:47:48.150] Pipe msg received
[21:47:48.151] Pipe msg received
[21:47:48.974] Pipe msg received
[21:47:49.444] Pipe msg received
[21:47:49.445] Pipe msg received
[21:47:50.267] Pipe msg received
[21:47:50.724] Pipe msg received
[21:47:52.021] Pipe msg received
[21:47:57.241] Pipe msg received
[21:47:57.242] Pipe msg received
[21:47:57.243] Pipe msg received
[21:47:58.547] Pipe msg received
[21:47:58.548] Pipe msg received
[21:47:59.372] Pipe msg received
[21:48:00.012] Pipe msg received
[21:48:00.012] Pipe msg received
[21:48:00.013] Pipe msg received
[21:48:00.689] Pipe msg received
[21:48:00.690] Pipe msg received
[21:48:00.690] Pipe msg received
[21:48:01.140] Pipe msg received
[21:48:01.140] Pipe msg received
[21:48:02.032] Pipe msg received
[21:48:02.423] Pipe msg received
[21:48:03.723] Pipe msg received
[21:48:04.561] Pipe msg received
[21:48:05.042] Pipe msg received
[21:48:05.043] Pipe msg received
[21:48:05.044] Pipe msg received
[21:48:06.417] OnSourceInitialized start
[21:48:06.417] HWND=1577434
[21:48:06.418] GWL_EXSTYLE before: 0x00080008
[21:48:06.418] GWL_EXSTYLE after: 0x080800A8
[21:48:06.418] Screen 0: {X=0,Y=0,Width=2560,Height=1440}
[21:48:06.419] Engine+Renderer OK
[21:48:06.419] Pipe client starting
[21:48:06.419] OnSourceInitialized OK
[21:50:39.217] OnSourceInitialized start
[21:50:39.218] HWND=2166864
[21:50:39.219] GWL_EXSTYLE before: 0x00080008
[21:50:39.219] GWL_EXSTYLE after: 0x080800A8
[21:50:39.219] Screen 0: {X=0,Y=0,Width=2560,Height=1440}
[21:50:39.221] Engine+Renderer OK
[21:50:39.222] Pipe client starting
[21:50:39.222] OnSourceInitialized OK
[21:50:39.228] Pipe connected event
[21:50:40.626] Pipe msg received
[21:50:40.629] Pipe msg received
[21:50:40.629] Pipe msg received
[21:50:40.630] Pipe msg received
[21:50:40.630] Pipe msg received
[21:50:40.631] Pipe msg received
[21:50:41.047] Pipe msg received
[21:50:41.048] Pipe msg received
[21:50:41.049] Pipe msg received
[21:50:41.930] Pipe msg received
[21:50:41.932] Pipe msg received
[21:50:41.933] Pipe msg received
[21:50:41.934] Pipe msg received
[21:50:41.934] Pipe msg received
[21:50:41.935] Pipe msg received
[21:50:41.936] Pipe msg received
[21:50:42.373] Pipe msg received
[21:50:42.375] Pipe msg received
[21:50:42.376] Pipe msg received
[21:50:42.376] Pipe msg received
[21:50:42.377] Pipe msg received
[21:50:42.377] Pipe msg received
[21:50:43.370] OnSourceInitialized start
[21:50:43.370] HWND=2232400
[21:50:43.370] GWL_EXSTYLE before: 0x00080008
[21:50:43.371] GWL_EXSTYLE after: 0x080800A8
[21:50:43.371] Screen 0: {X=0,Y=0,Width=2560,Height=1440}
[21:50:43.372] Engine+Renderer OK
[21:50:43.372] Pipe client starting
[21:50:43.372] OnSourceInitialized OK
[21:54:01.064] OnSourceInitialized start
[21:54:01.065] HWND=6950864
[21:54:01.065] GWL_EXSTYLE before: 0x00080008
[21:54:01.066] GWL_EXSTYLE after: 0x080800A8
[21:54:01.066] Screen 0: {X=0,Y=0,Width=2560,Height=1440}
[21:54:01.070] Engine+Renderer OK
[21:54:01.071] Pipe client starting
[21:54:01.071] OnSourceInitialized OK
[21:54:01.077] Pipe connected event
[21:54:02.108] Pipe msg received
[21:54:03.420] Pipe msg received
[21:54:04.748] Pipe msg received
[21:54:04.748] Pipe msg received
[21:54:04.749] Pipe msg received
[21:54:04.750] Pipe msg received
[21:54:04.761] Pipe msg received
[21:54:06.020] OnSourceInitialized start
[21:54:06.021] HWND=987296
[21:54:06.021] GWL_EXSTYLE before: 0x00080008
[21:54:06.021] GWL_EXSTYLE after: 0x080800A8
[21:54:06.021] Screen 0: {X=0,Y=0,Width=2560,Height=1440}
[21:54:06.023] Engine+Renderer OK
[21:54:06.023] Pipe client starting
[21:54:06.023] OnSourceInitialized OK
[21:54:06.121] Pipe connected event
[21:54:06.457] Pipe msg received
[21:54:06.458] Pipe msg received
[21:54:07.300] Pipe msg received
[21:54:07.301] Pipe msg received
[21:54:08.610] Pipe msg received
[21:54:09.032] Pipe msg received
[21:54:09.924] Pipe msg received
[21:54:09.925] Pipe msg received
[21:54:11.633] Pipe msg received
[21:54:12.495] Pipe msg received
[21:54:14.085] OnSourceInitialized start
[21:54:14.085] HWND=7081936
[21:54:14.086] GWL_EXSTYLE before: 0x00080008
[21:54:14.086] GWL_EXSTYLE after: 0x080800A8
[21:54:14.086] Screen 0: {X=0,Y=0,Width=2560,Height=1440}
[21:54:14.087] Engine+Renderer OK
[21:54:14.087] Pipe client starting
[21:54:14.088] OnSourceInitialized OK
[21:54:15.217] Pipe connected event
[21:54:15.534] Pipe msg received
[21:54:17.799] Pipe msg received
[21:54:17.799] Pipe msg received
[21:54:18.157] Pipe msg received
[21:54:18.158] Pipe msg received
[21:54:19.436] Pipe msg received
[21:54:20.314] Pipe msg received
[21:54:20.315] Pipe msg received
[21:54:20.731] Pipe msg received
[21:54:22.076] Pipe msg received
[21:54:22.076] Pipe msg received
[21:54:22.929] Pipe msg received
[21:54:22.930] Pipe msg received
[21:54:22.930] Pipe msg received
[21:54:23.356] Pipe msg received
[21:54:23.356] Pipe msg received
[21:54:24.217] Pipe msg received
[21:54:24.218] Pipe msg received
[21:54:24.219] Pipe msg received
[21:54:24.633] Pipe msg received
[21:54:25.518] Pipe msg received
[21:54:25.519] Pipe msg received
[21:54:26.435] OnSourceInitialized start
[21:54:26.435] HWND=1118368
[21:54:26.436] GWL_EXSTYLE before: 0x00080008
[21:54:26.436] GWL_EXSTYLE after: 0x080800A8
[21:54:26.436] Screen 0: {X=0,Y=0,Width=2560,Height=1440}
[21:54:26.437] Engine+Renderer OK
[21:54:26.437] Pipe client starting
[21:54:26.437] Pipe connected event
[21:54:26.438] OnSourceInitialized OK
[21:54:26.920] Pipe msg received
[21:54:26.921] Pipe msg received
[21:54:26.921] Pipe msg received
[21:54:26.921] Pipe msg received
[21:54:26.922] Pipe msg received
[21:54:26.922] Pipe msg received
[21:54:26.923] Pipe msg received
[21:54:26.923] Pipe msg received
[21:54:27.269] Pipe msg received
[21:54:27.270] Pipe msg received
[21:54:27.270] Pipe msg received
[21:54:27.270] Pipe msg received
[21:54:27.271] Pipe msg received
[21:54:28.157] Pipe msg received
[21:54:28.158] Pipe msg received
[21:54:28.159] Pipe msg received
[21:54:28.159] Pipe msg received
[21:54:28.160] Pipe msg received
[21:54:28.161] Pipe msg received
[21:54:28.162] Pipe msg received
[21:54:28.164] Pipe msg received
[21:54:28.166] Pipe msg received
[21:54:28.613] Pipe msg received
[21:54:28.614] Pipe msg received
[21:54:28.614] Pipe msg received
[21:54:28.614] Pipe msg received
[21:54:28.615] Pipe msg received
[21:54:28.615] Pipe msg received
[21:54:28.615] Pipe msg received
[21:54:28.616] Pipe msg received
[21:54:28.616] Pipe msg received
[21:54:28.616] Pipe msg received
[21:54:29.467] Pipe msg received
[21:54:29.467] Pipe msg received
[21:54:29.468] Pipe msg received
[21:54:29.469] Pipe msg received
[21:54:29.469] Pipe msg received
[21:54:29.469] Pipe msg received
[21:54:29.469] Pipe msg received
[21:54:29.470] Pipe msg received
[21:54:30.148] Pipe msg received
[21:54:30.150] Pipe msg received
[21:54:30.151] Pipe msg received
[21:54:30.151] Pipe msg received
[21:54:30.152] Pipe msg received
[21:54:30.152] Pipe msg received
[21:54:30.152] Pipe msg received
[21:54:30.153] Pipe msg received
[21:54:30.153] Pipe msg received
[21:54:30.768] Pipe msg received
[21:54:30.771] Pipe msg received
[21:54:30.772] Pipe msg received
[21:54:30.773] Pipe msg received
[21:54:30.773] Pipe msg received
[21:54:30.774] Pipe msg received
[21:54:31.196] Pipe msg received
[21:54:31.197] Pipe msg received
[21:54:31.197] Pipe msg received
[21:54:31.198] Pipe msg received
[21:54:31.198] Pipe msg received
[21:54:31.199] Pipe msg received
[21:54:31.199] Pipe msg received
[21:54:31.202] Pipe msg received
[21:54:31.203] Pipe msg received
[21:54:32.133] Pipe msg received
[21:54:32.133] Pipe msg received
[21:54:32.135] Pipe msg received
[21:54:32.136] Pipe msg received
[21:54:32.136] Pipe msg received
[21:54:32.137] Pipe msg received
[21:54:32.137] Pipe msg received
[21:54:32.139] Pipe msg received
[21:54:32.139] Pipe msg received
[21:54:32.139] Pipe msg received
[21:54:32.140] Pipe msg received
[21:54:32.490] Pipe msg received
[21:54:32.491] Pipe msg received
[21:54:32.491] Pipe msg received
[21:54:32.491] Pipe msg received
[21:54:32.492] Pipe msg received
[21:54:32.492] Pipe msg received
[21:54:32.492] Pipe msg received
[21:54:32.493] Pipe msg received
[21:54:33.339] Pipe msg received
[21:54:33.340] Pipe msg received
[21:54:33.340] Pipe msg received
[21:54:33.341] Pipe msg received
[21:54:33.341] Pipe msg received
[21:54:33.341] Pipe msg received
[21:54:33.341] Pipe msg received
[21:54:33.342] Pipe msg received
[21:54:33.804] Pipe msg received
[21:54:33.805] Pipe msg received
[21:54:33.805] Pipe msg received
[21:54:33.806] Pipe msg received
[21:54:33.806] Pipe msg received
[21:54:33.807] Pipe msg received
[21:54:33.807] Pipe msg received
[21:54:33.807] Pipe msg received
[21:54:34.719] Pipe msg received
[21:54:34.720] Pipe msg received
[21:54:34.720] Pipe msg received
[21:54:34.720] Pipe msg received
[21:54:34.721] Pipe msg received
[21:54:34.721] Pipe msg received
[21:54:34.721] Pipe msg received
[21:54:34.722] Pipe msg received
[21:54:34.722] Pipe msg received
[21:54:34.722] Pipe msg received
[21:54:35.066] Pipe msg received
[21:54:35.068] Pipe msg received
[21:54:35.068] Pipe msg received
[21:54:35.069] Pipe msg received
[21:54:35.955] Pipe msg received
[21:54:35.956] Pipe msg received
[21:54:35.957] Pipe msg received
[21:54:36.371] Pipe msg received
[21:54:36.372] Pipe msg received
[21:54:36.372] Pipe msg received
[21:54:36.373] Pipe msg received
[21:54:36.373] Pipe msg received
[21:54:36.373] Pipe msg received
[21:54:37.401] OnSourceInitialized start
[21:54:37.401] HWND=6951338
[21:54:37.402] GWL_EXSTYLE before: 0x00080008
[21:54:37.402] GWL_EXSTYLE after: 0x080800A8
[21:54:37.402] Screen 0: {X=0,Y=0,Width=2560,Height=1440}
[21:54:37.403] Engine+Renderer OK
[21:54:37.403] Pipe client starting
[21:54:37.403] OnSourceInitialized OK
[21:54:37.519] Pipe connected event
[21:54:37.653] Pipe msg received
[21:54:37.654] Pipe msg received
[21:54:37.654] Pipe msg received
[21:54:38.507] Pipe msg received
[21:54:38.508] Pipe msg received
[21:54:38.978] Pipe msg received
[21:54:38.979] Pipe msg received
[21:54:38.979] Pipe msg received
[21:54:38.979] Pipe msg received
[21:54:38.980] Pipe msg received
[21:54:38.982] Pipe msg received
[21:54:39.839] Pipe msg received
[21:54:39.840] Pipe msg received
[21:54:39.841] Pipe msg received
[21:54:40.250] Pipe msg received
[21:54:40.250] Pipe msg received
[21:54:41.121] Pipe msg received
[21:54:41.122] Pipe msg received
[21:54:41.534] Pipe msg received
[21:54:42.440] Pipe msg received
[21:54:42.441] Pipe msg received
[21:54:42.442] Pipe msg received
[21:54:42.846] Pipe msg received
[21:54:42.847] Pipe msg received
[21:54:44.167] Pipe msg received
[21:54:44.168] Pipe msg received
[21:54:44.169] Pipe msg received
[21:54:44.169] Pipe msg received
[21:54:44.170] Pipe msg received
[21:54:45.127] OnSourceInitialized start
[21:54:45.127] HWND=7278544
[21:54:45.127] GWL_EXSTYLE before: 0x00080008
[21:54:45.127] GWL_EXSTYLE after: 0x080800A8
[21:54:45.128] Screen 0: {X=0,Y=0,Width=2560,Height=1440}
[21:54:45.129] Engine+Renderer OK
[21:54:45.129] Pipe client starting
[21:54:45.129] OnSourceInitialized OK
[21:54:45.573] Pipe connected event
[21:54:46.345] Pipe msg received
[21:54:46.346] Pipe msg received
[21:54:46.346] Pipe msg received
[21:54:46.347] Pipe msg received
[21:54:46.740] Pipe msg received
[21:54:47.611] Pipe msg received
[21:54:48.056] Pipe msg received
[21:54:48.057] Pipe msg received
[21:54:48.057] Pipe msg received
[21:54:48.951] Pipe msg received
[21:54:48.952] Pipe msg received
[21:54:48.952] Pipe msg received
[21:54:48.952] Pipe msg received
[21:54:48.953] Pipe msg received
[21:54:48.953] Pipe msg received
[21:54:49.356] Pipe msg received
[21:54:49.357] Pipe msg received
[21:54:49.357] Pipe msg received
[21:54:50.259] Pipe msg received
[21:54:50.260] Pipe msg received
[21:54:50.262] Pipe msg received
[21:54:50.262] Pipe msg received
[21:54:50.262] Pipe msg received
[21:54:50.262] Pipe msg received
[21:54:50.663] Pipe msg received
[21:54:50.665] Pipe msg received
[21:54:50.666] Pipe msg received
[21:54:50.667] Pipe msg received
[21:54:51.540] Pipe msg received
[21:54:51.541] Pipe msg received
[21:54:51.541] Pipe msg received
[21:54:51.969] Pipe msg received
[21:54:51.971] Pipe msg received
[21:54:51.972] Pipe msg received
[21:54:51.973] Pipe msg received
[21:54:51.973] Pipe msg received
[21:54:52.857] Pipe msg received
[21:54:52.858] Pipe msg received
[21:54:52.858] Pipe msg received
[21:54:52.858] Pipe msg received
[21:54:53.256] Pipe msg received
[21:54:53.257] Pipe msg received
[21:54:53.259] Pipe msg received
[21:54:54.115] Pipe msg received
[21:54:54.116] Pipe msg received
[21:54:54.566] Pipe msg received
[21:54:54.567] Pipe msg received
[21:54:54.568] Pipe msg received
[21:54:54.569] Pipe msg received
[21:54:55.402] Pipe msg received
[21:54:55.403] Pipe msg received
[21:54:55.865] Pipe msg received
[21:54:55.866] Pipe msg received
[21:54:55.867] Pipe msg received
[21:54:55.867] Pipe msg received
[21:54:56.750] Pipe msg received
[21:54:56.750] Pipe msg received
[21:54:56.751] Pipe msg received
[21:54:56.752] Pipe msg received
[21:54:56.753] Pipe msg received
[21:54:57.161] Pipe msg received
[21:54:57.161] Pipe msg received
[21:54:57.162] Pipe msg received
[21:54:58.061] Pipe msg received
[21:54:58.062] Pipe msg received
[21:54:58.062] Pipe msg received
[21:54:58.063] Pipe msg received
[21:54:58.064] Pipe msg received
[21:54:58.455] Pipe msg received
[21:54:58.456] Pipe msg received
[21:54:58.456] Pipe msg received
[21:54:59.328] Pipe msg received
[21:54:59.329] Pipe msg received
[21:54:59.753] Pipe msg received
[21:54:59.753] Pipe msg received
[21:55:00.635] Pipe msg received
[21:55:00.637] Pipe msg received
[21:55:00.638] Pipe msg received
[21:55:01.076] Pipe msg received
[21:55:01.077] Pipe msg received
[21:55:01.078] Pipe msg received
[21:55:01.078] Pipe msg received
[21:55:01.079] Pipe msg received
[21:55:01.079] Pipe msg received
[21:55:01.936] Pipe msg received
[21:55:02.336] Pipe msg received
[21:55:03.214] Pipe msg received
[21:55:03.215] Pipe msg received
[21:55:03.216] Pipe msg received
[21:55:03.667] Pipe msg received
[21:55:03.668] Pipe msg received
[21:55:03.668] Pipe msg received
[21:55:03.669] Pipe msg received
[21:55:03.669] Pipe msg received
[21:55:04.527] Pipe msg received
[21:55:04.528] Pipe msg received
[21:55:04.966] Pipe msg received
[21:55:04.967] Pipe msg received
[21:55:04.967] Pipe msg received
[21:55:04.967] Pipe msg received
[21:55:04.968] Pipe msg received
[21:55:05.856] Pipe msg received
[21:55:05.857] Pipe msg received
[21:55:06.235] Pipe msg received
[21:55:07.116] Pipe msg received
[21:55:07.117] Pipe msg received
[21:55:07.558] Pipe msg received
[21:55:07.558] Pipe msg received
[21:55:07.559] Pipe msg received
[21:55:08.441] Pipe msg received
[21:55:08.441] Pipe msg received
[21:55:08.442] Pipe msg received
[21:55:08.442] Pipe msg received
[21:55:08.870] Pipe msg received
[21:55:08.871] Pipe msg received
[21:55:08.872] Pipe msg received
[21:55:08.873] Pipe msg received
[21:55:08.873] Pipe msg received
[21:55:09.773] Pipe msg received
[21:55:09.774] Pipe msg received
[21:55:09.775] Pipe msg received
[21:55:09.775] Pipe msg received
[21:55:10.166] Pipe msg received
[21:55:10.167] Pipe msg received
[21:55:10.167] Pipe msg received
[21:55:10.168] Pipe msg received
[21:55:11.065] Pipe msg received
[21:55:11.066] Pipe msg received
[21:55:11.477] Pipe msg received
[21:55:11.478] Pipe msg received
[21:55:11.478] Pipe msg received
[21:55:11.479] Pipe msg received
[21:55:11.479] Pipe msg received
[21:55:12.355] Pipe msg received
[21:55:12.356] Pipe msg received
[21:55:12.357] Pipe msg received
[21:55:12.357] Pipe msg received
[21:55:12.357] Pipe msg received
[21:55:12.358] Pipe msg received
[21:55:12.358] Pipe msg received
[21:55:12.757] Pipe msg received
[21:55:12.758] Pipe msg received
[21:55:12.759] Pipe msg received
[21:55:13.603] Pipe msg received
[21:55:13.604] Pipe msg received
[21:55:14.993] Pipe msg received
[21:55:14.994] Pipe msg received
[21:55:14.995] Pipe msg received
[21:55:14.995] Pipe msg received
[21:55:14.995] Pipe msg received
[21:55:15.351] Pipe msg received
[21:55:15.352] Pipe msg received
[21:55:16.244] Pipe msg received
[21:55:16.245] Pipe msg received
[21:55:16.635] Pipe msg received
[21:55:17.509] Pipe msg received
[21:55:17.510] Pipe msg received
[21:55:17.510] Pipe msg received
[21:55:17.960] Pipe msg received
[21:55:17.961] Pipe msg received
[21:55:17.961] Pipe msg received
[21:55:18.857] Pipe msg received
[21:55:18.858] Pipe msg received
[21:55:18.858] Pipe msg received
[21:55:18.858] Pipe msg received
[21:55:18.858] Pipe msg received
[21:55:19.257] Pipe msg received
[21:55:19.261] Pipe msg received
[21:55:19.262] Pipe msg received
[21:55:20.113] Pipe msg received
[21:55:20.114] Pipe msg received
[21:55:20.551] Pipe msg received
[21:55:20.551] Pipe msg received
[21:55:21.435] Pipe msg received
[21:55:21.436] Pipe msg received
[21:55:21.437] Pipe msg received
[21:55:21.438] Pipe msg received
[21:55:21.438] Pipe msg received
[21:55:21.851] Pipe msg received
[21:55:21.854] Pipe msg received
[21:55:22.741] Pipe msg received
[21:55:23.150] Pipe msg received
[21:55:23.152] Pipe msg received
[21:55:24.007] Pipe msg received
[21:55:24.007] Pipe msg received
[21:55:24.008] Pipe msg received
[21:55:24.460] Pipe msg received
[21:55:24.461] Pipe msg received
[21:55:25.322] Pipe msg received
[21:55:25.323] Pipe msg received
[21:55:25.325] Pipe msg received
[21:55:25.753] Pipe msg received
[21:55:25.754] Pipe msg received
[21:55:26.617] Pipe msg received
[21:55:26.618] Pipe msg received
[21:55:27.054] Pipe msg received
[21:55:27.055] Pipe msg received
[21:55:27.056] Pipe msg received
[21:55:27.933] Pipe msg received
[21:55:27.934] Pipe msg received
[21:55:27.934] Pipe msg received
[21:55:28.382] Pipe msg received
[21:55:28.384] Pipe msg received
[21:55:28.384] Pipe msg received
[21:55:28.385] Pipe msg received
[21:55:28.385] Pipe msg received
[21:55:28.385] Pipe msg received
[21:55:30.935] Pipe msg received
[21:55:33.218] Pipe msg received
[21:55:33.535] Pipe msg received
[21:55:34.547] Pipe msg received
[21:55:34.549] Pipe msg received
[21:55:34.838] Pipe msg received
[21:55:35.724] Pipe msg received
[21:55:38.752] Pipe msg received
[21:55:38.753] Pipe msg received
[21:55:40.934] Pipe msg received
[21:55:40.935] Pipe msg received
[21:55:41.343] Pipe msg received
[21:55:42.633] Pipe msg received
[21:55:43.514] Pipe msg received
[21:55:43.949] Pipe msg received
[21:55:43.950] Pipe msg received
[21:55:45.256] Pipe msg received
[21:55:45.256] Pipe msg received
[21:55:45.257] Pipe msg received
[21:55:46.133] Pipe msg received
[21:55:46.561] Pipe msg received
[21:55:46.561] Pipe msg received
[21:55:47.465] Pipe msg received
[21:55:47.466] Pipe msg received
[21:55:47.467] Pipe msg received
[21:55:47.467] Pipe msg received
[21:55:47.468] Pipe msg received
[21:55:48.750] Pipe msg received
[21:55:48.751] Pipe msg received
[21:55:49.136] Pipe msg received
[21:55:50.024] Pipe msg received
[21:55:50.025] Pipe msg received
[21:55:51.420] Pipe msg received
[21:55:51.763] Pipe msg received
[21:55:51.763] Pipe msg received
[21:55:51.764] Pipe msg received
[21:55:51.764] Pipe msg received
[21:55:53.056] Pipe msg received
[21:55:53.057] Pipe msg received
[21:55:53.057] Pipe msg received
[21:55:54.005] Pipe msg received
[21:55:54.005] Pipe msg received
[21:55:54.006] Pipe msg received
[21:55:54.006] Pipe msg received
[21:55:54.008] Pipe msg received
[21:55:54.008] Pipe msg received
[21:55:54.355] Pipe msg received
[21:55:54.356] Pipe msg received
[21:55:55.249] Pipe msg received
[21:55:55.250] Pipe msg received
[21:55:55.251] Pipe msg received
[21:55:55.251] Pipe msg received
[21:55:55.252] Pipe msg received
[21:55:55.679] Pipe msg received
[21:55:55.680] Pipe msg received
[21:55:55.680] Pipe msg received
[21:55:55.681] Pipe msg received
[21:55:55.681] Pipe msg received
[21:55:56.539] Pipe msg received
[21:55:56.540] Pipe msg received
[21:55:56.540] Pipe msg received
[21:55:56.541] Pipe msg received
[21:55:56.541] Pipe msg received
[21:55:56.965] Pipe msg received
[21:55:56.966] Pipe msg received
[21:55:56.966] Pipe msg received
[21:55:56.966] Pipe msg received
[21:55:56.966] Pipe msg received
[21:55:57.886] Pipe msg received
[21:55:57.886] Pipe msg received
[21:55:57.887] Pipe msg received
[21:55:57.887] Pipe msg received
[21:55:57.887] Pipe msg received
[21:55:57.888] Pipe msg received
[21:55:58.243] Pipe msg received
[21:55:58.244] Pipe msg received
[21:55:59.150] Pipe msg received
[21:55:59.150] Pipe msg received
[21:55:59.152] Pipe msg received
[21:55:59.153] Pipe msg received
[21:55:59.153] Pipe msg received
[21:55:59.536] Pipe msg received
[21:56:00.489] Pipe msg received
[21:56:00.490] Pipe msg received
[21:56:00.490] Pipe msg received
[21:56:00.490] Pipe msg received
[21:56:00.490] Pipe msg received
[21:56:00.491] Pipe msg received
[21:56:00.491] Pipe msg received
[21:56:00.491] Pipe msg received
[21:56:00.860] Pipe msg received
[21:56:00.861] Pipe msg received
[21:56:00.861] Pipe msg received
[21:56:01.802] Pipe msg received
[21:56:01.803] Pipe msg received
[21:56:02.159] Pipe msg received
[21:56:02.160] Pipe msg received
[21:56:03.078] Pipe msg received
[21:56:03.078] Pipe msg received
[21:56:03.079] Pipe msg received
[21:56:03.079] Pipe msg received
[21:56:03.080] Pipe msg received
[21:56:03.461] Pipe msg received
[21:56:03.461] Pipe msg received
[21:56:03.462] Pipe msg received
[21:56:04.322] Pipe msg received
[21:56:04.323] Pipe msg received
[21:56:04.752] Pipe msg received
[21:56:04.752] Pipe msg received
[21:56:05.633] Pipe msg received
[21:56:05.634] Pipe msg received
[21:56:05.635] Pipe msg received
[21:56:06.063] Pipe msg received
[21:56:06.063] Pipe msg received
[21:56:06.978] Pipe msg received
[21:56:06.979] Pipe msg received
[21:56:07.357] Pipe msg received
[21:56:07.358] Pipe msg received
[21:56:07.358] Pipe msg received
[21:56:08.260] Pipe msg received
[21:56:08.261] Pipe msg received
[21:56:08.261] Pipe msg received
[21:56:08.262] Pipe msg received
[21:56:08.636] Pipe msg received
[21:56:09.521] Pipe msg received
[21:56:09.522] Pipe msg received
[21:56:09.522] Pipe msg received
[21:56:09.940] Pipe msg received
[21:56:09.940] Pipe msg received
[21:56:10.901] Pipe msg received
[21:56:10.902] Pipe msg received
[21:56:10.902] Pipe msg received
[21:56:11.296] Pipe msg received
[21:56:11.297] Pipe msg received
[21:56:11.297] Pipe msg received
[21:56:11.298] Pipe msg received
[21:56:11.298] Pipe msg received
[21:56:11.299] Pipe msg received
[21:56:11.299] Pipe msg received
[21:56:11.300] Pipe msg received
[21:56:12.179] Pipe msg received
[21:56:12.180] Pipe msg received
[21:56:12.180] Pipe msg received
[21:56:12.610] Pipe msg received
[21:56:12.611] Pipe msg received
[21:56:12.611] Pipe msg received
[21:56:12.611] Pipe msg received
[21:56:12.611] Pipe msg received
[21:56:13.429] Pipe msg received
[21:56:13.429] Pipe msg received
[21:56:13.430] Pipe msg received
[21:56:13.856] Pipe msg received
[21:56:13.858] Pipe msg received
[21:56:13.858] Pipe msg received
[21:56:15.056] Pipe msg received
[21:56:15.057] Pipe msg received
[21:56:15.058] Pipe msg received
[21:56:15.172] Pipe msg received
[21:56:15.172] Pipe msg received
[21:56:15.173] Pipe msg received
[21:56:15.174] Pipe msg received
[21:56:15.174] Pipe msg received
[21:56:16.048] Pipe msg received
[21:56:16.048] Pipe msg received
[21:56:16.049] Pipe msg received
[21:56:16.465] Pipe msg received
[21:56:16.466] Pipe msg received
[21:56:16.466] Pipe msg received
[21:56:16.469] Pipe msg received
[21:56:17.374] Pipe msg received
[21:56:17.375] Pipe msg received
[21:56:17.762] Pipe msg received
[21:56:17.763] Pipe msg received
[21:56:18.665] Pipe msg received
[21:56:18.665] Pipe msg received
[21:56:18.666] Pipe msg received
[21:56:19.067] Pipe msg received
[21:56:19.068] Pipe msg received
[21:56:19.069] Pipe msg received
[21:56:19.070] Pipe msg received
[21:56:20.002] Pipe msg received
[21:56:20.004] Pipe msg received
[21:56:20.005] Pipe msg received
[21:56:20.372] Pipe msg received
[21:56:20.373] Pipe msg received
[21:56:20.375] Pipe msg received
[21:56:20.375] Pipe msg received
[21:56:20.375] Pipe msg received
[21:56:21.246] Pipe msg received
[21:56:21.247] Pipe msg received
[21:56:21.247] Pipe msg received
[21:56:21.248] Pipe msg received
[21:56:21.248] Pipe msg received
[21:56:21.653] Pipe msg received
[21:56:21.653] Pipe msg received
[21:56:22.551] Pipe msg received
[21:56:22.552] Pipe msg received
[21:56:22.553] Pipe msg received
[21:56:22.969] Pipe msg received
[21:56:22.970] Pipe msg received
[21:56:22.970] Pipe msg received
[21:56:23.859] Pipe msg received
[21:56:23.860] Pipe msg received
[21:56:23.860] Pipe msg received
[21:56:23.861] Pipe msg received
[21:56:24.264] Pipe msg received
[21:56:24.265] Pipe msg received
[21:56:24.265] Pipe msg received
[21:56:24.266] Pipe msg received
[21:56:25.109] Pipe msg received
[21:56:25.110] Pipe msg received
[21:56:25.110] Pipe msg received
[21:56:25.564] Pipe msg received
[21:56:25.564] Pipe msg received
[21:56:25.564] Pipe msg received
[21:56:25.565] Pipe msg received
[21:56:26.495] Pipe msg received
[21:56:26.495] Pipe msg received
[21:56:26.496] Pipe msg received
[21:56:26.496] Pipe msg received
[21:56:26.497] Pipe msg received
[21:56:26.497] Pipe msg received
[21:56:26.876] Pipe msg received
[21:56:26.879] Pipe msg received
[21:56:26.880] Pipe msg received
[21:56:26.881] Pipe msg received
[21:56:26.881] Pipe msg received
[21:56:26.881] Pipe msg received
[21:56:27.789] OnSourceInitialized start
[21:56:27.789] HWND=7082410
[21:56:27.789] GWL_EXSTYLE before: 0x00080008
[21:56:27.789] GWL_EXSTYLE after: 0x080800A8
[21:56:27.789] Screen 0: {X=0,Y=0,Width=2560,Height=1440}
[21:56:27.790] Engine+Renderer OK
[21:56:27.791] Pipe client starting
[21:56:27.791] OnSourceInitialized OK
[21:56:28.307] Pipe connected event
[21:56:29.027] Pipe msg received
[21:56:29.027] Pipe msg received
[21:56:29.463] Pipe msg received
[21:56:29.464] Pipe msg received
[21:56:29.465] Pipe msg received
[21:56:29.465] Pipe msg received
[21:56:30.374] Pipe msg received
[21:56:30.375] Pipe msg received
[21:56:30.375] Pipe msg received
[21:56:30.376] Pipe msg received
[21:56:30.376] Pipe msg received
[21:56:30.376] Pipe msg received
[21:56:30.376] Pipe msg received
[21:56:30.757] Pipe msg received
[21:56:30.758] Pipe msg received
[21:56:32.067] Pipe msg received
[21:56:32.069] Pipe msg received
[21:56:32.070] Pipe msg received
[21:56:32.070] Pipe msg received
[21:56:32.950] Pipe msg received
[21:56:32.953] Pipe msg received
[21:56:32.954] Pipe msg received
[21:56:32.955] Pipe msg received
[21:56:33.362] Pipe msg received
[21:56:33.363] Pipe msg received
[21:56:33.363] Pipe msg received
[21:56:33.365] Pipe msg received
[21:56:34.253] Pipe msg received
[21:56:34.253] Pipe msg received
[21:56:34.254] Pipe msg received
[21:56:34.254] Pipe msg received
[21:56:34.671] Pipe msg received
[21:56:34.672] Pipe msg received
[21:56:34.673] Pipe msg received
[21:56:34.673] Pipe msg received
[21:56:34.673] Pipe msg received
[21:56:35.528] Pipe msg received
[21:56:35.529] Pipe msg received
[21:56:35.529] Pipe msg received
[21:56:35.963] Pipe msg received
[21:56:35.963] Pipe msg received
[21:56:35.966] Pipe msg received
[21:56:35.966] Pipe msg received
[21:56:36.854] Pipe msg received
[21:56:36.854] Pipe msg received
[21:56:37.267] Pipe msg received
[21:56:37.267] Pipe msg received
[21:56:37.268] Pipe msg received
[21:56:37.269] Pipe msg received
[21:56:38.186] Pipe msg received
[21:56:38.186] Pipe msg received
[21:56:38.187] Pipe msg received
[21:56:38.188] Pipe msg received
[21:56:38.568] Pipe msg received
[21:56:38.569] Pipe msg received
[21:56:38.569] Pipe msg received
[21:56:38.570] Pipe msg received
[21:56:38.570] Pipe msg received
[21:56:39.492] Pipe msg received
[21:56:39.493] Pipe msg received
[21:56:39.494] Pipe msg received
[21:56:39.494] Pipe msg received
[21:56:39.495] Pipe msg received
[21:56:39.495] Pipe msg received
[21:56:39.859] Pipe msg received
[21:56:39.860] Pipe msg received
[21:56:39.860] Pipe msg received
[21:56:40.793] Pipe msg received
[21:56:40.793] Pipe msg received
[21:56:40.794] Pipe msg received
[21:56:40.795] Pipe msg received
[21:56:40.796] Pipe msg received
[21:56:40.796] Pipe msg received
[21:56:40.796] Pipe msg received
[21:56:41.163] Pipe msg received
[21:56:41.164] Pipe msg received
[21:56:41.164] Pipe msg received
[21:56:42.465] Pipe msg received
[21:56:42.467] Pipe msg received
[21:56:42.468] Pipe msg received
[21:56:42.469] Pipe msg received
[21:56:43.303] Pipe msg received
[21:56:44.689] Pipe msg received
[21:56:44.690] Pipe msg received
[21:56:44.691] Pipe msg received
[21:56:45.055] Pipe msg received
[21:56:45.056] Pipe msg received
[21:56:45.056] Pipe msg received
[21:56:45.966] Pipe msg received
[21:56:45.967] Pipe msg received
[21:56:45.967] Pipe msg received
[21:56:45.968] Pipe msg received
[21:56:46.356] Pipe msg received
[21:56:46.356] Pipe msg received
[21:56:46.357] Pipe msg received
[21:56:47.243] Pipe msg received
[21:56:47.245] Pipe msg received
[21:56:47.246] Pipe msg received
[21:56:47.246] Pipe msg received
[21:56:47.655] Pipe msg received
[21:56:47.656] Pipe msg received
[21:56:48.523] Pipe msg received
[21:56:48.524] Pipe msg received
[21:56:48.960] Pipe msg received
[21:56:48.961] Pipe msg received
[21:56:48.962] Pipe msg received
[21:56:49.840] Pipe msg received
[21:56:49.841] Pipe msg received
[21:56:49.841] Pipe msg received
[21:56:50.270] Pipe msg received
[21:56:50.271] Pipe msg received
[21:56:50.271] Pipe msg received
[21:56:50.272] Pipe msg received
[21:56:50.272] Pipe msg received
[21:56:51.137] Pipe msg received
[21:56:51.139] Pipe msg received
[21:56:51.139] Pipe msg received
[21:56:51.560] Pipe msg received
[21:56:51.561] Pipe msg received
[21:56:52.423] Pipe msg received
[21:56:52.424] Pipe msg received
[21:56:52.837] Pipe msg received
[21:56:53.722] Pipe msg received
[21:56:53.723] Pipe msg received
[21:56:53.723] Pipe msg received
[21:56:55.059] Pipe msg received
[21:56:55.060] Pipe msg received
[21:56:55.060] Pipe msg received
[21:56:55.460] Pipe msg received
[21:56:55.462] Pipe msg received
[21:56:55.463] Pipe msg received
[21:56:56.310] Pipe msg received
[21:56:56.738] Pipe msg received
[21:56:58.082] Pipe msg received
[21:56:58.083] Pipe msg received
[21:56:58.084] Pipe msg received
[21:56:58.084] Pipe msg received
[21:56:58.084] Pipe msg received
[21:56:58.085] Pipe msg received
[21:56:59.024] Pipe msg received
[21:56:59.025] Pipe msg received
[21:56:59.026] Pipe msg received
[21:56:59.378] Pipe msg received
[21:56:59.379] Pipe msg received
[21:56:59.379] Pipe msg received
[21:56:59.380] Pipe msg received
[21:56:59.380] Pipe msg received
[21:56:59.380] Pipe msg received
[21:57:00.213] Pipe msg received
[21:57:00.214] Pipe msg received
[21:57:00.653] Pipe msg received
[21:57:00.654] Pipe msg received
[21:57:01.938] Pipe msg received
[21:57:02.827] Pipe msg received
[21:57:02.827] Pipe msg received
[21:57:03.238] Pipe msg received
[21:57:04.166] Pipe msg received
[21:57:04.168] Pipe msg received
[21:57:04.168] Pipe msg received
[21:57:04.550] Pipe msg received
[21:57:04.551] Pipe msg received
[21:57:05.482] Pipe msg received
[21:57:05.483] Pipe msg received
[21:57:05.483] Pipe msg received
[21:57:05.483] Pipe msg received
[21:57:05.484] Pipe msg received
[21:57:05.484] Pipe msg received
[21:57:05.484] Pipe msg received
[21:57:05.840] Pipe msg received
[21:57:06.789] Pipe msg received
[21:57:06.790] Pipe msg received
[21:57:06.790] Pipe msg received
[21:57:06.791] Pipe msg received
[21:57:07.140] Pipe msg received
[21:57:08.089] Pipe msg received
[21:57:08.089] Pipe msg received
[21:57:08.090] Pipe msg received
[21:57:08.461] Pipe msg received
[21:57:08.461] Pipe msg received
[21:57:08.462] Pipe msg received
[21:57:09.343] Pipe msg received
[21:57:09.343] Pipe msg received
[21:57:09.344] Pipe msg received
[21:57:09.344] Pipe msg received
[21:57:09.760] Pipe msg received
[21:57:09.761] Pipe msg received
[21:57:09.761] Pipe msg received
[21:57:10.393] Pipe msg received
[21:57:10.667] Pipe msg received
[21:57:10.667] Pipe msg received
[21:57:10.668] Pipe msg received
[21:57:10.668] Pipe msg received
[21:57:10.669] Pipe msg received
[21:57:11.053] Pipe msg received
[21:57:11.055] Pipe msg received
[21:57:12.010] Pipe msg received
[21:57:12.011] Pipe msg received
[21:57:12.355] Pipe msg received
[21:57:12.356] Pipe msg received
[21:57:13.269] Pipe msg received
[21:57:13.269] Pipe msg received
[21:57:13.270] Pipe msg received
[21:57:13.271] Pipe msg received
[21:57:13.664] Pipe msg received
[21:57:13.665] Pipe msg received
[21:57:13.666] Pipe msg received
[21:57:13.666] Pipe msg received
[21:57:14.537] Pipe msg received
[21:57:14.937] Pipe msg received
[21:57:15.935] Pipe msg received
[21:57:15.935] Pipe msg received
[21:57:15.936] Pipe msg received
[21:57:15.936] Pipe msg received
[21:57:17.151] Pipe msg received
[21:57:17.151] Pipe msg received
[21:57:17.152] Pipe msg received
[21:57:17.544] Pipe msg received
[21:57:18.435] Pipe msg received
[21:57:18.437] Pipe msg received
[21:57:18.437] Pipe msg received
[21:57:18.874] Pipe msg received
[21:57:18.876] Pipe msg received
[21:57:18.876] Pipe msg received
[21:57:18.877] Pipe msg received
[21:57:18.877] Pipe msg received
[21:57:19.768] Pipe msg received
[21:57:19.768] Pipe msg received
[21:57:19.769] Pipe msg received
[21:57:20.152] Pipe msg received
[21:57:20.153] Pipe msg received
[21:57:21.088] Pipe msg received
[21:57:21.089] Pipe msg received
[21:57:21.089] Pipe msg received
[21:57:21.090] Pipe msg received
[21:57:21.090] Pipe msg received
[21:57:21.090] Pipe msg received
[21:57:21.091] Pipe msg received
[21:57:21.440] Pipe msg received
[21:57:22.360] Pipe msg received
[21:57:22.360] Pipe msg received
[21:57:22.361] Pipe msg received
[21:57:22.762] Pipe msg received
[21:57:22.763] Pipe msg received
[21:57:22.763] Pipe msg received
[21:57:22.764] Pipe msg received
[21:57:24.931] Pipe msg received
[21:57:24.932] Pipe msg received
[21:57:25.337] Pipe msg received
[21:57:26.240] Pipe msg received
[21:57:26.241] Pipe msg received
[21:57:26.241] Pipe msg received
[21:57:26.242] Pipe msg received
[21:57:26.244] Pipe msg received
[21:57:26.671] Pipe msg received
[21:57:26.673] Pipe msg received
[21:57:26.674] Pipe msg received
[21:57:27.940] Pipe msg received
[21:57:29.241] Pipe msg received
[21:57:30.219] Pipe msg received
[21:57:30.220] Pipe msg received
[21:57:30.559] Pipe msg received
[21:57:31.443] Pipe msg received
[21:57:31.446] Pipe msg received
[21:57:31.838] Pipe msg received
[21:57:32.751] Pipe msg received
[21:57:32.752] Pipe msg received
[21:57:33.164] Pipe msg received
[21:57:33.165] Pipe msg received
[21:57:33.165] Pipe msg received
[21:57:33.166] Pipe msg received
[21:57:34.015] Pipe msg received
[21:57:34.437] Pipe msg received
[21:57:35.304] Pipe msg received
[21:57:35.305] Pipe msg received
[21:57:35.781] Pipe msg received
[21:57:35.782] Pipe msg received
[21:57:35.784] Pipe msg received
[21:57:35.785] Pipe msg received
[21:57:35.785] Pipe msg received
[21:57:37.039] Pipe msg received
[21:57:38.348] Pipe msg received
[21:57:40.014] OnSourceInitialized start
[21:57:40.015] HWND=7409616
[21:57:40.015] GWL_EXSTYLE before: 0x00080008
[21:57:40.015] GWL_EXSTYLE after: 0x080800A8
[21:57:40.015] Screen 0: {X=0,Y=0,Width=2560,Height=1440}
[21:57:40.016] Engine+Renderer OK
[21:57:40.017] Pipe client starting
[21:57:40.017] Pipe connected event
[21:57:40.534] Pipe msg received
[21:57:40.952] Pipe msg received
[21:57:41.830] Pipe msg received
[21:57:42.262] Pipe msg received
[21:57:42.262] Pipe msg received
[21:57:43.110] Pipe msg received
[21:57:46.078] OnSourceInitialized start
[21:57:46.078] HWND=922038
[21:57:46.079] GWL_EXSTYLE before: 0x00080008
[21:57:46.079] GWL_EXSTYLE after: 0x080800A8
[21:57:46.079] Screen 0: {X=0,Y=0,Width=2560,Height=1440}
[21:57:46.080] Engine+Renderer OK
[21:57:46.080] Pipe client starting
[21:57:46.080] OnSourceInitialized OK
[21:57:46.080] Pipe connected event
[21:57:47.053] Pipe msg received
[21:57:47.055] Pipe msg received
[21:57:47.055] Pipe msg received
[21:57:47.474] Pipe msg received
[21:57:47.474] Pipe msg received
[21:57:47.475] Pipe msg received
[21:57:48.327] Pipe msg received
[21:57:50.042] Pipe msg received
[21:57:50.927] Pipe msg received
[21:57:50.927] Pipe msg received
[21:57:51.374] Pipe msg received
[21:57:51.375] Pipe msg received
[21:57:51.377] Pipe msg received
[21:57:51.377] Pipe msg received
[21:57:52.228] Pipe msg received
[21:57:52.228] Pipe msg received
[21:57:52.229] Pipe msg received
[21:57:52.659] Pipe msg received
[21:57:52.660] Pipe msg received
[21:57:53.544] Pipe msg received
[21:57:53.545] Pipe msg received
[21:57:53.545] Pipe msg received
[21:57:53.546] Pipe msg received
[21:57:53.969] Pipe msg received
[21:57:53.970] Pipe msg received
[21:57:53.970] Pipe msg received
[21:57:53.970] Pipe msg received
[21:57:54.894] Pipe msg received
[21:57:54.895] Pipe msg received
[21:57:55.258] Pipe msg received
[21:57:55.261] Pipe msg received
[21:57:55.261] Pipe msg received
[21:57:56.146] Pipe msg received
[21:57:56.558] Pipe msg received
[21:57:56.559] Pipe msg received
[21:57:56.560] Pipe msg received
[21:57:57.507] Pipe msg received
[21:57:57.843] Pipe msg received
[21:57:58.743] Pipe msg received
[21:57:58.743] Pipe msg received
[21:57:59.163] Pipe msg received
[21:57:59.164] Pipe msg received
[21:57:59.164] Pipe msg received
[21:58:00.422] Pipe msg received
[21:58:00.423] Pipe msg received
[21:58:00.423] Pipe msg received
[21:58:00.424] Pipe msg received
[21:58:00.425] Pipe msg received
[21:58:00.480] Pipe msg received
[21:58:00.481] Pipe msg received
[21:58:00.482] Pipe msg received
[21:58:01.332] Pipe msg received
[21:58:01.332] Pipe msg received
[21:58:01.744] Pipe msg received
[21:58:02.674] Pipe msg received
[21:58:02.675] Pipe msg received
[21:58:02.676] Pipe msg received
[21:58:02.676] Pipe msg received
[21:58:03.067] Pipe msg received
[21:58:03.068] Pipe msg received
[21:58:03.069] Pipe msg received
[21:58:03.069] Pipe msg received
[21:58:03.949] Pipe msg received
[21:58:04.361] Pipe msg received
[21:58:04.361] Pipe msg received
[21:58:04.361] Pipe msg received
[21:58:05.674] Pipe msg received
[21:58:05.676] Pipe msg received
[21:58:05.677] Pipe msg received
[21:58:05.678] Pipe msg received
[21:58:05.678] Pipe msg received
[21:58:06.524] Pipe msg received
[21:58:06.524] Pipe msg received
[21:58:06.957] Pipe msg received
[21:58:06.958] Pipe msg received
[21:58:07.831] Pipe msg received
[21:58:08.259] Pipe msg received
[21:58:08.260] Pipe msg received
[21:58:08.260] Pipe msg received
[21:58:09.133] Pipe msg received
[21:58:09.134] Pipe msg received
[21:58:09.540] Pipe msg received
[21:58:10.475] Pipe msg received
[21:58:10.476] Pipe msg received
[21:58:11.758] Pipe msg received
[21:58:11.759] Pipe msg received
[21:58:11.760] Pipe msg received
[21:58:11.760] Pipe msg received
[21:58:11.761] Pipe msg received
[21:58:12.163] Pipe msg received
[21:58:12.164] Pipe msg received
[21:58:12.165] Pipe msg received
[21:58:12.165] Pipe msg received
[21:58:13.015] Pipe msg received
[21:58:13.477] Pipe msg received
[21:58:13.477] Pipe msg received
[21:58:13.478] Pipe msg received
[21:58:13.479] Pipe msg received
[21:58:13.479] Pipe msg received
[21:58:13.480] Pipe msg received
[21:58:14.321] Pipe msg received
[21:58:14.758] Pipe msg received
[21:58:14.758] Pipe msg received
[21:58:15.633] Pipe msg received
[21:58:15.634] Pipe msg received
[21:58:15.634] Pipe msg received
[21:58:16.944] Pipe msg received
[21:58:16.944] Pipe msg received
[21:58:17.341] Pipe msg received
[21:58:18.251] Pipe msg received
[21:58:18.252] Pipe msg received
[21:58:18.641] Pipe msg received
[21:58:19.514] Pipe msg received
[21:58:19.515] Pipe msg received
[21:58:19.956] Pipe msg received
[21:58:19.957] Pipe msg received
[21:58:20.892] Pipe msg received
[21:58:20.893] Pipe msg received
[21:58:20.894] Pipe msg received
[21:58:20.894] Pipe msg received
[21:58:21.261] Pipe msg received
[21:58:21.262] Pipe msg received
[21:58:22.126] Pipe msg received
[21:58:22.126] Pipe msg received
[21:58:23.860] Pipe msg received
[21:58:23.861] Pipe msg received
[21:58:23.862] Pipe msg received
[21:58:25.140] Pipe msg received
[21:58:26.015] Pipe msg received
[21:58:26.449] Pipe msg received
[21:58:27.357] Pipe msg received
[21:58:27.358] Pipe msg received
[21:58:27.359] Pipe msg received
[21:58:27.781] Pipe msg received
[21:58:27.781] Pipe msg received
[21:58:27.782] Pipe msg received
[21:58:27.788] Pipe msg received
[21:58:27.789] Pipe msg received
[21:58:27.790] Pipe msg received
[21:58:28.702] Pipe msg received
[21:58:28.703] Pipe msg received
[21:58:28.705] Pipe msg received
[21:58:28.706] Pipe msg received
[21:58:28.706] Pipe msg received
[21:58:28.707] Pipe msg received
[21:58:28.707] Pipe msg received
[21:58:28.707] Pipe msg received
[21:58:29.084] Pipe msg received
[21:58:29.085] Pipe msg received
[21:58:29.085] Pipe msg received
[21:58:29.087] Pipe msg received
[21:58:29.088] Pipe msg received
[21:58:29.089] Pipe msg received
[21:58:30.177] Pipe msg received
[21:58:30.178] Pipe msg received
[21:58:30.179] Pipe msg received
[21:58:30.179] Pipe msg received
[21:58:30.179] Pipe msg received
[21:58:30.180] Pipe msg received
[21:58:30.180] Pipe msg received
[21:58:30.180] Pipe msg received
[21:58:30.180] Pipe msg received
[21:58:30.405] Pipe msg received
[21:58:30.406] Pipe msg received
[21:58:30.407] Pipe msg received
[21:58:30.408] Pipe msg received
[21:58:30.408] Pipe msg received
[21:58:30.408] Pipe msg received
[21:58:30.409] Pipe msg received
[21:58:30.409] Pipe msg received
[21:58:31.379] Pipe msg received
[21:58:31.380] Pipe msg received
[21:58:31.380] Pipe msg received
[21:58:31.381] Pipe msg received
[21:58:31.381] Pipe msg received
[21:58:31.382] Pipe msg received
[21:58:31.382] Pipe msg received
[21:58:31.382] Pipe msg received
[21:58:31.383] Pipe msg received
[21:58:31.383] Pipe msg received
[21:58:31.383] Pipe msg received
[21:58:31.385] Pipe msg received
[21:58:31.385] Pipe msg received
[21:58:31.386] Pipe msg received
[21:58:31.386] Pipe msg received
[21:58:31.387] Pipe msg received
[21:58:31.387] Pipe msg received
[21:58:31.387] Pipe msg received
[21:58:31.390] Pipe msg received
[21:58:31.672] Pipe msg received
[21:58:31.673] Pipe msg received
[21:58:31.674] Pipe msg received
[21:58:31.674] Pipe msg received
[21:58:31.674] Pipe msg received
[21:58:32.640] Pipe msg received
[21:58:32.642] Pipe msg received
[21:58:32.643] Pipe msg received
[21:58:32.643] Pipe msg received
[21:58:32.643] Pipe msg received
[21:58:32.644] Pipe msg received
[21:58:32.644] Pipe msg received
[21:58:32.645] Pipe msg received
[21:58:32.645] Pipe msg received
[21:58:32.645] Pipe msg received
[21:58:32.646] Pipe msg received
[21:58:33.056] Pipe msg received
[21:58:33.057] Pipe msg received
[21:58:33.057] Pipe msg received
[21:58:33.058] Pipe msg received
[21:58:33.059] Pipe msg received
[21:58:33.060] Pipe msg received
[21:58:33.060] Pipe msg received
[21:58:33.061] Pipe msg received
[21:58:33.062] Pipe msg received
[21:58:33.062] Pipe msg received
[21:58:33.062] Pipe msg received
[21:58:33.062] Pipe msg received
[21:58:33.063] Pipe msg received
[21:58:33.063] Pipe msg received
[21:58:34.000] Pipe msg received
[21:58:34.000] Pipe msg received
[21:58:34.001] Pipe msg received
[21:58:34.001] Pipe msg received
[21:58:34.001] Pipe msg received
[21:58:34.002] Pipe msg received
[21:58:34.396] Pipe msg received
[21:58:34.400] Pipe msg received
[21:58:34.402] Pipe msg received
[21:58:34.402] Pipe msg received
[21:58:34.402] Pipe msg received
[21:58:34.403] Pipe msg received
[21:58:34.404] Pipe msg received
[21:58:34.404] Pipe msg received
[21:58:34.404] Pipe msg received
[21:58:34.405] Pipe msg received
[21:58:34.406] Pipe msg received
[21:58:34.406] Pipe msg received
[21:58:34.407] Pipe msg received
[21:58:34.407] Pipe msg received
[21:58:34.408] Pipe msg received
[21:58:34.408] Pipe msg received
[21:58:34.411] Pipe msg received
[21:58:34.414] Pipe msg received
[21:58:34.415] Pipe msg received
[21:58:34.416] Pipe msg received
[21:58:35.293] Pipe msg received
[21:58:35.294] Pipe msg received
[21:58:35.294] Pipe msg received
[21:58:35.295] Pipe msg received
[21:58:35.296] Pipe msg received
[21:58:35.296] Pipe msg received
[21:58:35.296] Pipe msg received
[21:58:35.297] Pipe msg received
[21:58:35.297] Pipe msg received
[21:58:35.297] Pipe msg received
[21:58:35.300] Pipe msg received
[21:58:35.617] Pipe msg received
[21:58:35.618] Pipe msg received
[21:58:35.619] Pipe msg received
[21:58:35.619] Pipe msg received
[21:58:35.620] Pipe msg received
[21:58:35.620] Pipe msg received
[21:58:35.620] Pipe msg received
[21:58:35.621] Pipe msg received
[21:58:35.621] Pipe msg received
[21:58:35.621] Pipe msg received
[21:58:36.502] Pipe msg received
[21:58:36.502] Pipe msg received
[21:58:36.503] Pipe msg received
[21:58:36.503] Pipe msg received
[21:58:36.504] Pipe msg received
[21:58:36.504] Pipe msg received
[21:58:36.504] Pipe msg received
[21:58:36.505] Pipe msg received
[21:58:36.505] Pipe msg received
[21:58:36.506] Pipe msg received
[21:58:36.506] Pipe msg received
[21:58:36.926] Pipe msg received
[21:58:36.927] Pipe msg received
[21:58:36.928] Pipe msg received
[21:58:36.929] Pipe msg received
[21:58:36.929] Pipe msg received
[21:58:36.930] Pipe msg received
[21:58:36.931] Pipe msg received
[21:58:36.933] Pipe msg received
[21:58:36.934] Pipe msg received
[21:58:36.935] Pipe msg received
[21:58:36.936] Pipe msg received
[21:58:36.937] Pipe msg received
[21:58:37.796] Pipe msg received
[21:58:37.797] Pipe msg received
[21:58:37.797] Pipe msg received
[21:58:37.798] Pipe msg received
[21:58:37.798] Pipe msg received
[21:58:37.798] Pipe msg received
[21:58:37.799] Pipe msg received
[21:58:37.799] Pipe msg received
[21:58:37.799] Pipe msg received
[21:58:38.230] Pipe msg received
[21:58:38.233] Pipe msg received
[21:58:38.233] Pipe msg received
[21:58:38.234] Pipe msg received
[21:58:38.234] Pipe msg received
[21:58:38.235] Pipe msg received
[21:58:38.236] Pipe msg received
[21:58:38.236] Pipe msg received
[21:58:38.237] Pipe msg received
[21:58:38.237] Pipe msg received
[21:58:38.238] Pipe msg received
[21:58:38.238] Pipe msg received
[21:58:38.238] Pipe msg received
[21:58:39.092] Pipe msg received
[21:58:39.092] Pipe msg received
[21:58:39.093] Pipe msg received
[21:58:39.093] Pipe msg received
[21:58:39.094] Pipe msg received
[21:58:39.094] Pipe msg received
[21:58:39.095] Pipe msg received
[21:58:39.095] Pipe msg received
[21:58:39.472] Pipe msg received
[21:58:39.473] Pipe msg received
[21:58:39.473] Pipe msg received
[21:58:39.473] Pipe msg received
[21:58:40.339] Pipe msg received
[21:58:40.339] Pipe msg received
[21:58:40.340] Pipe msg received
[21:58:40.340] Pipe msg received
[21:58:40.340] Pipe msg received
[21:58:40.799] Pipe msg received
[21:58:40.799] Pipe msg received
[21:58:40.800] Pipe msg received
[21:58:40.800] Pipe msg received
[21:58:40.800] Pipe msg received
[21:58:40.801] Pipe msg received
[21:58:40.801] Pipe msg received
[21:58:40.802] Pipe msg received
[21:58:41.659] Pipe msg received
[21:58:41.660] Pipe msg received
[21:58:41.660] Pipe msg received
[21:58:42.079] Pipe msg received
[21:58:42.080] Pipe msg received
[21:58:42.081] Pipe msg received
[21:58:42.081] Pipe msg received
[21:58:42.081] Pipe msg received
[21:58:42.081] Pipe msg received
[21:58:42.971] Pipe msg received
[21:58:42.972] Pipe msg received
[21:58:43.356] Pipe msg received
[21:58:43.357] Pipe msg received
[21:58:44.223] Pipe msg received
[21:58:44.224] Pipe msg received
[21:58:44.655] Pipe msg received
[21:58:44.655] Pipe msg received
[21:58:45.528] Pipe msg received
[21:58:45.529] Pipe msg received
[21:58:45.973] Pipe msg received
[21:58:45.974] Pipe msg received
[21:58:45.975] Pipe msg received
[21:58:45.975] Pipe msg received
[21:58:46.836] Pipe msg received
[21:58:47.262] Pipe msg received
[21:58:47.263] Pipe msg received
[21:58:47.264] Pipe msg received
[21:58:47.265] Pipe msg received
[21:58:48.163] Pipe msg received
[21:58:48.164] Pipe msg received
[21:59:10.297] OnSourceInitialized start
[21:59:10.298] HWND=1311066
[21:59:10.298] GWL_EXSTYLE before: 0x00080008
[21:59:10.299] GWL_EXSTYLE after: 0x080800A8
[21:59:10.299] Screen 0: {X=0,Y=0,Width=2560,Height=1440}
[21:59:10.301] Engine+Renderer OK
[21:59:10.302] Pipe client starting
[21:59:10.302] OnSourceInitialized OK
[21:59:10.309] Pipe connected event
[21:59:10.666] Pipe msg received
[21:59:10.668] Pipe msg received
[21:59:10.669] Pipe msg received
[21:59:10.669] Pipe msg received
[21:59:11.533] Pipe msg received
[21:59:11.533] Pipe msg received
[21:59:11.534] Pipe msg received
[21:59:11.975] Pipe msg received
[21:59:11.976] Pipe msg received
[21:59:11.976] Pipe msg received
[21:59:11.976] Pipe msg received
[21:59:11.982] Pipe msg received
[21:59:12.886] Pipe msg received
[21:59:12.889] Pipe msg received
[21:59:12.890] Pipe msg received
[21:59:12.891] Pipe msg received
[21:59:12.891] Pipe msg received
[21:59:13.258] Pipe msg received
[21:59:13.261] Pipe msg received
[21:59:14.166] Pipe msg received
[21:59:14.167] Pipe msg received
[21:59:14.168] Pipe msg received
[21:59:14.560] Pipe msg received
[21:59:14.560] Pipe msg received
[21:59:15.427] Pipe msg received
[21:59:15.428] Pipe msg received
[21:59:15.428] Pipe msg received
[21:59:15.843] Pipe msg received
[21:59:16.745] Pipe msg received
[21:59:17.218] OnSourceInitialized start
[21:59:17.218] HWND=6033434
[21:59:17.219] GWL_EXSTYLE before: 0x00080008
[21:59:17.219] GWL_EXSTYLE after: 0x080800A8
[21:59:17.219] Screen 0: {X=0,Y=0,Width=2560,Height=1440}
[21:59:17.220] Engine+Renderer OK
[21:59:17.220] Pipe client starting
[21:59:17.220] OnSourceInitialized OK
[21:59:17.221] Pipe connected event
[21:59:18.443] Pipe msg received
[21:59:19.323] Pipe msg received
[21:59:19.779] Pipe msg received
[21:59:19.780] Pipe msg received
[21:59:19.780] Pipe msg received
[21:59:19.780] Pipe msg received
[21:59:19.781] Pipe msg received
[21:59:20.704] Pipe msg received
[21:59:20.706] Pipe msg received
[21:59:20.706] Pipe msg received
[21:59:21.067] Pipe msg received
[21:59:21.068] Pipe msg received
[21:59:21.068] Pipe msg received
[21:59:21.912] Pipe msg received
[21:59:22.346] Pipe msg received
[21:59:23.271] Pipe msg received
[21:59:23.272] Pipe msg received
[21:59:23.272] Pipe msg received
[21:59:23.676] Pipe msg received
[21:59:23.678] Pipe msg received
[21:59:23.679] Pipe msg received
[21:59:23.679] Pipe msg received
[21:59:24.545] Pipe msg received
[21:59:24.546] Pipe msg received
[21:59:24.546] Pipe msg received
[21:59:24.962] Pipe msg received
[21:59:24.962] Pipe msg received
[21:59:25.833] Pipe msg received
[21:59:26.276] Pipe msg received
[21:59:26.277] Pipe msg received
[21:59:26.277] Pipe msg received
[21:59:26.278] Pipe msg received
[21:59:27.131] Pipe msg received
[21:59:27.132] Pipe msg received
[21:59:27.132] Pipe msg received
[21:59:31.021] OnSourceInitialized start
[21:59:31.022] HWND=1507674
[21:59:31.022] GWL_EXSTYLE before: 0x00080008
[21:59:31.022] GWL_EXSTYLE after: 0x080800A8
[21:59:31.022] Screen 0: {X=0,Y=0,Width=2560,Height=1440}
[21:59:31.023] Engine+Renderer OK
[21:59:31.026] Pipe client starting
[21:59:31.026] OnSourceInitialized OK
[21:59:31.026] Pipe connected event
[21:59:31.084] Pipe msg received
[21:59:31.086] Pipe msg received
[21:59:31.086] Pipe msg received
[21:59:31.086] Pipe msg received
[21:59:31.471] Pipe msg received
[21:59:31.472] Pipe msg received
[21:59:31.472] Pipe msg received
[21:59:31.472] Pipe msg received
[21:59:31.473] Pipe msg received
[21:59:32.743] Pipe msg received
[21:59:34.061] Pipe msg received
[21:59:34.062] Pipe msg received
[21:59:34.062] Pipe msg received
[21:59:34.951] Pipe msg received
[21:59:34.951] Pipe msg received
[21:59:34.952] Pipe msg received
[21:59:34.952] Pipe msg received
[21:59:35.408] Pipe msg received
[21:59:35.410] Pipe msg received
[21:59:35.410] Pipe msg received
[21:59:35.411] Pipe msg received
[21:59:35.411] Pipe msg received
[21:59:35.412] Pipe msg received
[21:59:35.412] Pipe msg received
[21:59:35.412] Pipe msg received
[21:59:36.204] Pipe msg received
[21:59:36.682] Pipe msg received
[21:59:36.683] Pipe msg received
[21:59:36.683] Pipe msg received
[21:59:37.512] Pipe msg received
[21:59:37.513] Pipe msg received
[21:59:37.956] Pipe msg received
[21:59:37.958] Pipe msg received
[21:59:39.241] Pipe msg received
[21:59:40.550] Pipe msg received
[21:59:41.843] Pipe msg received
[21:59:43.142] Pipe msg received
[21:59:44.458] Pipe msg received
[21:59:44.460] Pipe msg received
[21:59:45.371] Pipe msg received
[21:59:45.372] Pipe msg received
[21:59:45.373] Pipe msg received
[21:59:46.679] Pipe msg received
[21:59:46.680] Pipe msg received
[21:59:47.241] OnSourceInitialized start
[21:59:47.241] HWND=6164506
[21:59:47.242] GWL_EXSTYLE before: 0x00080008
[21:59:47.242] GWL_EXSTYLE after: 0x080800A8
[21:59:47.242] Screen 0: {X=0,Y=0,Width=2560,Height=1440}
[21:59:47.244] Engine+Renderer OK
[21:59:47.244] Pipe client starting
[21:59:47.244] OnSourceInitialized OK
[21:59:47.244] Pipe connected event
[21:59:47.952] Pipe msg received
[21:59:47.953] Pipe msg received
[21:59:47.953] Pipe msg received
[21:59:48.369] Pipe msg received
[21:59:48.370] Pipe msg received
[21:59:48.370] Pipe msg received
[21:59:49.254] Pipe msg received
[21:59:49.255] Pipe msg received
[21:59:49.255] Pipe msg received
[21:59:49.256] Pipe msg received
[21:59:49.664] Pipe msg received
[21:59:49.666] Pipe msg received
[21:59:50.559] Pipe msg received
[21:59:50.560] Pipe msg received
[21:59:50.560] Pipe msg received
[21:59:50.561] Pipe msg received
[21:59:50.561] Pipe msg received
[21:59:50.561] Pipe msg received
[21:59:50.960] Pipe msg received
[21:59:50.961] Pipe msg received
[21:59:52.188] Pipe msg received
[21:59:52.189] Pipe msg received
[21:59:52.266] Pipe msg received
[21:59:52.267] Pipe msg received
[21:59:52.268] Pipe msg received
[21:59:53.122] Pipe msg received
[21:59:53.569] Pipe msg received
[21:59:53.570] Pipe msg received
[21:59:53.571] Pipe msg received
[21:59:55.733] Pipe msg received
[21:59:56.145] Pipe msg received
[21:59:57.058] Pipe msg received
[21:59:57.059] Pipe msg received
[21:59:57.059] Pipe msg received
[21:59:57.061] Pipe msg received
[21:59:57.061] Pipe msg received
[21:59:57.461] Pipe msg received
[21:59:57.461] Pipe msg received
[21:59:58.349] Pipe msg received
[21:59:58.745] Pipe msg received
[21:59:59.633] Pipe msg received
[21:59:59.634] Pipe msg received
[22:00:00.948] Pipe msg received
[22:00:01.363] Pipe msg received
[22:00:01.364] Pipe msg received
[22:00:02.669] Pipe msg received
[22:00:02.670] Pipe msg received
[22:00:03.534] Pipe msg received
[22:00:03.969] Pipe msg received
[22:00:03.969] Pipe msg received
[22:00:03.971] Pipe msg received
[22:00:04.860] Pipe msg received
[22:00:05.265] Pipe msg received
[22:00:05.266] Pipe msg received
[22:00:05.266] Pipe msg received
[22:00:06.569] Pipe msg received
[22:00:06.570] Pipe msg received
[22:00:07.846] Pipe msg received
[22:00:09.166] Pipe msg received
[22:00:09.168] Pipe msg received
[22:00:10.065] Pipe msg received
[22:00:10.066] Pipe msg received
[22:00:10.484] Pipe msg received
[22:00:10.485] Pipe msg received
[22:00:10.485] Pipe msg received
[22:00:10.485] Pipe msg received
[22:00:10.485] Pipe msg received
[22:00:11.361] Pipe msg received
[22:00:11.362] Pipe msg received
[22:00:11.752] Pipe msg received
[22:00:12.680] Pipe msg received
[22:00:13.045] Pipe msg received
[22:00:14.368] Pipe msg received
[22:00:14.369] Pipe msg received
[22:00:14.369] Pipe msg received
[22:00:15.234] Pipe msg received
[22:00:16.544] Pipe msg received
[22:00:16.545] Pipe msg received
[22:00:16.945] Pipe msg received
[22:00:17.838] Pipe msg received
[22:00:18.261] Pipe msg received
[22:00:18.262] Pipe msg received
[22:00:19.162] Pipe msg received
[22:00:20.435] Pipe msg received
[22:00:20.436] Pipe msg received
[22:00:21.725] Pipe msg received
[22:00:22.171] Pipe msg received
[22:00:22.172] Pipe msg received
[22:00:22.173] Pipe msg received
[22:00:22.173] Pipe msg received
[22:00:23.059] Pipe msg received
[22:00:23.060] Pipe msg received
[22:00:24.334] Pipe msg received
[22:00:24.335] Pipe msg received
[22:00:25.675] Pipe msg received
[22:00:26.062] Pipe msg received
[22:00:26.063] Pipe msg received
[22:00:26.957] Pipe msg received
[22:00:26.957] Pipe msg received
[22:00:27.362] Pipe msg received
[22:00:27.364] Pipe msg received
[22:00:28.225] Pipe msg received
[22:00:28.683] Pipe msg received
[22:00:28.684] Pipe msg received
[22:00:28.685] Pipe msg received
[22:00:28.685] Pipe msg received
[22:00:28.686] Pipe msg received
[22:00:29.971] Pipe msg received
[22:00:29.972] Pipe msg received
[22:00:30.890] Pipe msg received
[22:00:30.890] Pipe msg received
[22:00:30.891] Pipe msg received
[22:00:31.266] Pipe msg received
[22:00:31.266] Pipe msg received
[22:00:31.267] Pipe msg received
[22:00:32.242] Pipe msg received
[22:00:32.568] Pipe msg received
[22:00:32.568] Pipe msg received
[22:00:32.569] Pipe msg received
[22:00:33.866] Pipe msg received
[22:00:33.866] Pipe msg received
[22:00:34.799] Pipe msg received
[22:00:34.799] Pipe msg received
[22:00:35.176] Pipe msg received
[22:00:35.177] Pipe msg received
[22:00:35.177] Pipe msg received
[22:00:35.177] Pipe msg received
[22:00:36.466] Pipe msg received
[22:00:36.467] Pipe msg received
[22:00:36.468] Pipe msg received
[22:00:37.333] Pipe msg received
[22:00:38.647] Pipe msg received
[22:00:39.058] Pipe msg received
[22:00:39.950] Pipe msg received
[22:00:40.347] Pipe msg received
[22:00:41.252] Pipe msg received
[22:00:41.253] Pipe msg received
[22:00:41.253] Pipe msg received
[22:00:41.668] Pipe msg received
[22:00:41.669] Pipe msg received
[22:00:41.669] Pipe msg received
[22:00:42.972] Pipe msg received
[22:00:42.973] Pipe msg received
[22:00:42.974] Pipe msg received
[22:00:43.870] Pipe msg received
[22:00:44.289] Pipe msg received
[22:00:44.290] Pipe msg received
[22:00:44.290] Pipe msg received
[22:00:44.291] Pipe msg received
[22:00:44.291] Pipe msg received
[22:00:44.291] Pipe msg received
[22:00:45.161] Pipe msg received
[22:00:45.161] Pipe msg received
[22:00:45.162] Pipe msg received
[22:00:45.571] Pipe msg received
[22:00:45.571] Pipe msg received
[22:00:46.454] Pipe msg received
[22:00:46.455] Pipe msg received
[22:00:46.456] Pipe msg received
[22:00:46.456] Pipe msg received
[22:00:46.456] Pipe msg received
[22:00:46.845] Pipe msg received
[22:00:47.764] Pipe msg received
[22:00:47.766] Pipe msg received
[22:00:47.767] Pipe msg received
[22:00:48.178] Pipe msg received
[22:00:48.181] Pipe msg received
[22:00:48.182] Pipe msg received
[22:00:48.182] Pipe msg received
[22:00:49.041] Pipe msg received
[22:00:49.041] Pipe msg received
[22:00:49.469] Pipe msg received
[22:00:49.470] Pipe msg received
[22:00:50.392] Pipe msg received
[22:00:50.393] Pipe msg received
[22:00:50.393] Pipe msg received
[22:00:50.748] Pipe msg received
[22:00:51.657] Pipe msg received
[22:00:52.062] Pipe msg received
[22:00:52.062] Pipe msg received
[22:00:52.957] Pipe msg received
[22:00:53.361] Pipe msg received
[22:00:53.362] Pipe msg received
[22:00:54.650] Pipe msg received
[22:00:55.543] Pipe msg received
[22:00:55.544] Pipe msg received
[22:00:55.947] Pipe msg received
[22:00:56.848] Pipe msg received
[22:00:56.848] Pipe msg received
[22:00:57.282] Pipe msg received
[22:00:57.282] Pipe msg received
[22:00:57.289] Pipe msg received
[22:00:57.289] Pipe msg received
[22:00:58.577] Pipe msg received
[22:00:58.578] Pipe msg received
[22:00:58.578] Pipe msg received
[22:00:58.579] Pipe msg received
[22:00:59.876] Pipe msg received
[22:00:59.876] Pipe msg received
[22:00:59.877] Pipe msg received
[22:00:59.877] Pipe msg received
[22:01:00.789] Pipe msg received
[22:01:00.790] Pipe msg received
[22:01:00.790] Pipe msg received
[22:01:00.790] Pipe msg received
[22:01:01.149] Pipe msg received
[22:01:02.061] Pipe msg received
[22:01:02.061] Pipe msg received
[22:01:02.062] Pipe msg received
[22:01:02.062] Pipe msg received
[22:01:02.466] Pipe msg received
[22:01:02.466] Pipe msg received
[22:01:03.350] Pipe msg received
[22:01:03.350] Pipe msg received
[22:01:03.748] Pipe msg received
[22:01:04.646] Pipe msg received
[22:01:05.067] Pipe msg received
[22:01:05.067] Pipe msg received
[22:01:05.068] Pipe msg received
[22:01:05.945] Pipe msg received
[22:01:06.352] Pipe msg received
[22:01:07.278] Pipe msg received
[22:01:07.278] Pipe msg received
[22:01:07.675] Pipe msg received
[22:01:07.676] Pipe msg received
[22:01:07.677] Pipe msg received
[22:01:07.678] Pipe msg received
[22:01:08.569] Pipe msg received
[22:01:08.569] Pipe msg received
[22:01:08.570] Pipe msg received
[22:01:08.570] Pipe msg received
[22:01:08.984] Pipe msg received
[22:01:08.985] Pipe msg received
[22:01:08.985] Pipe msg received
[22:01:09.909] Pipe msg received
[22:01:09.910] Pipe msg received
[22:01:09.910] Pipe msg received
[22:01:09.911] Pipe msg received
[22:01:09.911] Pipe msg received
[22:01:10.262] Pipe msg received
[22:01:10.263] Pipe msg received
[22:01:11.149] Pipe msg received
[22:01:11.151] Pipe msg received
[22:01:11.152] Pipe msg received
[22:01:11.577] Pipe msg received
[22:01:11.578] Pipe msg received
[22:01:11.578] Pipe msg received
[22:01:11.579] Pipe msg received
[22:01:12.475] Pipe msg received
[22:01:12.475] Pipe msg received
[22:01:12.476] Pipe msg received
[22:01:12.476] Pipe msg received
[22:01:12.905] Pipe msg received
[22:01:12.906] Pipe msg received
[22:01:12.906] Pipe msg received
[22:01:12.906] Pipe msg received
[22:01:12.907] Pipe msg received
[22:01:12.907] Pipe msg received
[22:01:12.908] Pipe msg received
[22:01:13.817] Pipe msg received
[22:01:13.818] Pipe msg received
[22:01:13.818] Pipe msg received
[22:01:13.819] Pipe msg received
[22:01:13.819] Pipe msg received
[22:01:13.820] Pipe msg received
[22:01:13.820] Pipe msg received
[22:01:13.820] Pipe msg received
[22:01:13.821] Pipe msg received
[22:01:14.199] Pipe msg received
[22:01:14.200] Pipe msg received
[22:01:14.201] Pipe msg received
[22:01:14.203] Pipe msg received
[22:01:14.206] Pipe msg received
[22:01:14.207] Pipe msg received
[22:01:15.106] Pipe msg received
[22:01:15.107] Pipe msg received
[22:01:15.108] Pipe msg received
[22:01:15.111] Pipe msg received
[22:01:15.111] Pipe msg received
[22:01:15.112] Pipe msg received
[22:01:15.112] Pipe msg received
[22:01:15.113] Pipe msg received
[22:01:15.507] Pipe msg received
[22:01:15.507] Pipe msg received
[22:01:15.508] Pipe msg received
[22:01:15.508] Pipe msg received
[22:01:15.509] Pipe msg received
[22:01:15.509] Pipe msg received
[22:01:15.510] Pipe msg received
[22:01:15.510] Pipe msg received
[22:01:16.408] Pipe msg received
[22:01:16.411] Pipe msg received
[22:01:16.411] Pipe msg received
[22:01:16.412] Pipe msg received
[22:01:16.413] Pipe msg received
[22:01:16.414] Pipe msg received
[22:01:16.414] Pipe msg received
[22:01:16.415] Pipe msg received
[22:01:16.416] Pipe msg received
[22:01:16.803] Pipe msg received
[22:01:16.805] Pipe msg received
[22:01:16.806] Pipe msg received
[22:01:16.806] Pipe msg received
[22:01:16.807] Pipe msg received
[22:01:16.807] Pipe msg received
[22:01:16.808] Pipe msg received
[22:01:17.675] Pipe msg received
[22:01:17.675] Pipe msg received
[22:01:17.676] Pipe msg received
[22:01:17.677] Pipe msg received
[22:01:17.678] Pipe msg received
[22:01:18.111] Pipe msg received
[22:01:18.112] Pipe msg received
[22:01:18.113] Pipe msg received
[22:01:18.115] Pipe msg received
[22:01:18.116] Pipe msg received
[22:01:18.118] Pipe msg received
[22:01:18.121] Pipe msg received
[22:01:18.977] Pipe msg received
[22:01:18.978] Pipe msg received
[22:01:18.982] Pipe msg received
[22:01:18.984] Pipe msg received
[22:01:18.986] Pipe msg received
[22:01:19.376] Pipe msg received
[22:01:19.377] Pipe msg received
[22:01:19.377] Pipe msg received
[22:01:19.378] Pipe msg received
[22:01:20.292] Pipe msg received
[22:01:20.294] Pipe msg received
[22:01:20.294] Pipe msg received
[22:01:20.296] Pipe msg received
[22:01:20.297] Pipe msg received
[22:01:20.298] Pipe msg received
[22:01:20.299] Pipe msg received
[22:01:20.711] Pipe msg received
[22:01:20.712] Pipe msg received
[22:01:20.713] Pipe msg received
[22:01:20.713] Pipe msg received
[22:01:20.716] Pipe msg received
[22:01:20.718] Pipe msg received
[22:01:20.718] Pipe msg received
[22:01:20.719] Pipe msg received
[22:01:21.305] Pipe msg received
[22:01:21.562] Pipe msg received
[22:01:21.563] Pipe msg received
[22:01:21.563] Pipe msg received
[22:01:21.564] Pipe msg received
[22:01:22.013] Pipe msg received
[22:01:22.014] Pipe msg received
[22:01:22.015] Pipe msg received
[22:01:22.015] Pipe msg received
[22:01:22.016] Pipe msg received
[22:01:22.016] Pipe msg received
[22:01:22.016] Pipe msg received
[22:01:22.017] Pipe msg received
[22:01:22.017] Pipe msg received
[22:01:22.964] Pipe msg received
[22:01:22.965] Pipe msg received
[22:01:22.965] Pipe msg received
[22:01:22.966] Pipe msg received
[22:01:22.966] Pipe msg received
[22:01:22.967] Pipe msg received
[22:01:23.301] Pipe msg received
[22:01:23.302] Pipe msg received
[22:01:23.302] Pipe msg received
[22:01:23.303] Pipe msg received
[22:01:23.303] Pipe msg received
[22:01:23.304] Pipe msg received
[22:01:23.306] Pipe msg received
[22:01:24.169] Pipe msg received
[22:01:24.171] Pipe msg received
[22:01:24.171] Pipe msg received
[22:01:24.172] Pipe msg received
[22:01:24.172] Pipe msg received
[22:01:24.619] Pipe msg received
[22:01:24.619] Pipe msg received
[22:01:24.620] Pipe msg received
[22:01:24.620] Pipe msg received
[22:01:24.621] Pipe msg received
[22:01:24.621] Pipe msg received
[22:01:24.622] Pipe msg received
[22:01:24.622] Pipe msg received
[22:01:24.625] Pipe msg received
[22:01:25.470] Pipe msg received
[22:01:25.470] Pipe msg received
[22:01:25.471] Pipe msg received
[22:01:25.471] Pipe msg received
[22:01:25.874] Pipe msg received
[22:01:25.875] Pipe msg received
[22:01:25.875] Pipe msg received
[22:01:25.875] Pipe msg received
[22:01:26.761] Pipe msg received
[22:01:26.762] Pipe msg received
[22:01:26.762] Pipe msg received
[22:01:26.762] Pipe msg received
[22:01:27.176] Pipe msg received
[22:01:27.178] Pipe msg received
[22:01:27.179] Pipe msg received
[22:01:28.080] Pipe msg received
[22:01:28.081] Pipe msg received
[22:01:28.081] Pipe msg received
[22:01:28.084] Pipe msg received
[22:01:28.476] Pipe msg received
[22:01:28.476] Pipe msg received
[22:01:28.477] Pipe msg received
[22:01:28.477] Pipe msg received
[22:01:29.372] Pipe msg received
[22:01:29.372] Pipe msg received
[22:01:29.373] Pipe msg received
[22:01:29.373] Pipe msg received
[22:01:29.373] Pipe msg received
[22:01:29.764] Pipe msg received
[22:01:29.765] Pipe msg received
[22:01:30.701] Pipe msg received
[22:01:30.702] Pipe msg received
[22:01:30.702] Pipe msg received
[22:01:30.702] Pipe msg received
[22:01:30.703] Pipe msg received
[22:01:31.084] Pipe msg received
[22:01:31.086] Pipe msg received
[22:01:31.086] Pipe msg received
[22:01:31.087] Pipe msg received
[22:01:31.088] Pipe msg received
[22:01:31.998] Pipe msg received
[22:01:31.999] Pipe msg received
[22:01:31.999] Pipe msg received
[22:01:32.000] Pipe msg received
[22:01:32.366] Pipe msg received
[22:01:32.366] Pipe msg received
[22:01:33.246] Pipe msg received
[22:01:33.247] Pipe msg received
[22:01:33.654] Pipe msg received
[22:01:34.567] Pipe msg received
[22:01:34.567] Pipe msg received
[22:01:34.567] Pipe msg received
[22:01:34.568] Pipe msg received
[22:01:34.568] Pipe msg received
[22:01:34.568] Pipe msg received
[22:01:34.982] Pipe msg received
[22:01:34.983] Pipe msg received
[22:01:34.983] Pipe msg received
[22:01:34.984] Pipe msg received
[22:01:37.080] Pipe connected event
[22:01:37.125] Pipe msg received
[22:01:37.562] Pipe msg received
[22:01:37.562] Pipe msg received
[22:01:38.505] Pipe msg received
[22:01:38.506] Pipe msg received
[22:01:38.506] Pipe msg received
[22:01:38.507] Pipe msg received
[22:01:38.898] Pipe msg received
[22:01:38.899] Pipe msg received
[22:01:38.899] Pipe msg received
[22:01:38.899] Pipe msg received
[22:01:38.900] Pipe msg received
[22:01:38.901] Pipe msg received
[22:01:38.901] Pipe msg received
[22:01:39.740] Pipe msg received
[22:01:40.145] Pipe msg received
[22:01:41.022] Pipe msg received
[22:01:41.023] Pipe msg received
[22:01:41.451] Pipe msg received
[22:01:42.374] Pipe msg received
[22:01:42.374] Pipe msg received
[22:01:42.375] Pipe msg received
[22:01:42.376] Pipe msg received
[22:01:42.770] Pipe msg received
[22:01:42.771] Pipe msg received
[22:01:43.671] Pipe msg received
[22:01:43.672] Pipe msg received
[22:01:43.672] Pipe msg received
[22:01:43.673] Pipe msg received
[22:01:43.673] Pipe msg received
[22:01:44.073] Pipe msg received
[22:01:44.074] Pipe msg received
[22:01:44.074] Pipe msg received
[22:01:44.074] Pipe msg received
[22:01:45.172] Pipe msg received
[22:01:45.173] Pipe msg received
[22:01:45.173] Pipe msg received
[22:01:45.174] Pipe msg received
[22:01:45.174] Pipe msg received
[22:01:45.175] Pipe msg received
[22:01:45.175] Pipe msg received
[22:01:45.175] Pipe msg received
[22:01:45.176] Pipe msg received
[22:01:45.367] Pipe msg received
[22:01:45.368] Pipe msg received
[22:01:45.368] Pipe msg received
[22:01:46.245] Pipe msg received
[22:01:46.246] Pipe msg received
[22:01:46.247] Pipe msg received
[22:01:46.687] Pipe msg received
[22:01:46.687] Pipe msg received
[22:01:46.688] Pipe msg received
[22:01:46.688] Pipe msg received
[22:01:46.688] Pipe msg received
[22:01:46.689] Pipe msg received
[22:01:47.586] Pipe msg received
[22:01:47.587] Pipe msg received
[22:01:47.589] Pipe msg received
[22:01:47.589] Pipe msg received
[22:01:48.005] Pipe msg received
[22:01:48.006] Pipe msg received
[22:01:48.006] Pipe msg received
[22:01:48.007] Pipe msg received
[22:01:48.008] Pipe msg received
[22:01:48.008] Pipe msg received
[22:01:48.008] Pipe msg received
[22:01:48.009] Pipe msg received
[22:01:48.840] Pipe msg received
[22:01:49.273] Pipe msg received
[22:01:49.273] Pipe msg received
[22:01:49.273] Pipe msg received
[22:01:49.274] Pipe msg received
[22:01:50.128] Pipe msg received
[22:01:50.128] Pipe msg received
[22:01:50.578] Pipe msg received
[22:01:50.579] Pipe msg received
[22:01:50.579] Pipe msg received
[22:01:50.579] Pipe msg received
[22:01:50.580] Pipe msg received
[22:01:50.580] Pipe msg received
[22:01:51.450] Pipe msg received
[22:01:51.452] Pipe msg received
[22:01:51.453] Pipe msg received
[22:01:51.453] Pipe msg received
[22:01:51.454] Pipe msg received
[22:01:51.455] Pipe msg received
[22:01:51.867] Pipe msg received
[22:01:51.868] Pipe msg received
[22:01:51.868] Pipe msg received
[22:01:52.796] Pipe msg received
[22:01:52.797] Pipe msg received
[22:01:52.797] Pipe msg received
[22:01:53.167] Pipe msg received
[22:01:53.168] Pipe msg received
[22:01:53.168] Pipe msg received
[22:01:56.683] OnSourceInitialized start
[22:01:56.684] HWND=1638746
[22:01:56.684] GWL_EXSTYLE before: 0x00080008
[22:01:56.684] GWL_EXSTYLE after: 0x080800A8
[22:01:56.684] Screen 0: {X=0,Y=0,Width=2560,Height=1440}
[22:01:56.685] Engine+Renderer OK
[22:01:56.685] Pipe client starting
[22:01:56.685] OnSourceInitialized OK
[22:01:56.686] Pipe connected event
[22:01:57.076] Pipe msg received
[22:01:57.077] Pipe msg received
[22:01:57.077] Pipe msg received
[22:01:57.077] Pipe msg received
[22:01:57.078] Pipe msg received
[22:01:57.912] Pipe msg received
[22:01:58.379] Pipe msg received
[22:01:58.380] Pipe msg received
[22:01:58.380] Pipe msg received
[22:01:58.383] Pipe msg received
[22:01:59.251] Pipe msg received
[22:01:59.252] Pipe msg received
[22:01:59.252] Pipe msg received
[22:01:59.678] Pipe msg received
[22:01:59.678] Pipe msg received
[22:01:59.679] Pipe msg received
[22:01:59.679] Pipe msg received
[22:01:59.679] Pipe msg received
[22:02:00.515] Pipe msg received
[22:02:00.517] Pipe msg received
[22:02:01.877] Pipe msg received
[22:02:01.878] Pipe msg received
[22:02:01.878] Pipe msg received
[22:02:01.879] Pipe msg received
[22:02:01.879] Pipe msg received
[22:02:02.275] Pipe msg received
[22:02:02.276] Pipe msg received
[22:02:02.276] Pipe msg received
[22:02:02.276] Pipe msg received
[22:02:03.123] Pipe msg received
[22:02:03.568] Pipe msg received
[22:02:03.568] Pipe msg received
[22:02:03.569] Pipe msg received
[22:02:04.431] Pipe msg received
[22:02:04.432] Pipe msg received
[22:02:04.433] Pipe msg received
[22:02:04.433] Pipe msg received
[22:02:04.873] Pipe msg received
[22:02:04.874] Pipe msg received
[22:02:04.874] Pipe msg received
[22:02:04.876] Pipe msg received
[22:02:05.705] Pipe msg received
[22:02:06.174] Pipe msg received
[22:02:06.174] Pipe msg received
[22:02:06.176] Pipe msg received
[22:02:06.176] Pipe msg received
[22:02:07.058] Pipe msg received
[22:02:07.447] Pipe msg received
[22:02:08.310] Pipe msg received
[22:02:08.311] Pipe msg received
[22:02:08.762] Pipe msg received
[22:02:08.762] Pipe msg received
[22:02:09.662] Pipe msg received
[22:02:09.663] Pipe msg received
[22:02:10.071] Pipe msg received
[22:02:10.073] Pipe msg received
[22:02:10.073] Pipe msg received
[22:02:10.964] Pipe msg received
[22:02:10.965] Pipe msg received
[22:02:11.347] Pipe msg received
[22:02:12.202] Pipe msg received
[22:02:12.664] Pipe msg received
[22:02:12.665] Pipe msg received
[22:02:13.527] Pipe msg received
[22:02:13.527] Pipe msg received
[22:02:13.965] Pipe msg received
[22:02:13.966] Pipe msg received
[22:02:13.967] Pipe msg received
[22:02:14.822] Pipe msg received
[22:02:14.823] Pipe msg received
[22:02:15.272] Pipe msg received
[22:02:15.273] Pipe msg received
[22:02:16.575] Pipe msg received
[22:02:16.575] Pipe msg received
[22:02:16.576] Pipe msg received
[22:02:16.576] Pipe msg received
[22:02:18.785] Pipe msg received
[22:02:18.786] Pipe msg received
[22:02:18.787] Pipe msg received
[22:02:19.182] Pipe msg received
[22:02:19.183] Pipe msg received
[22:02:19.183] Pipe msg received
[22:02:21.302] Pipe msg received
[22:02:21.304] Pipe msg received
[22:02:23.049] Pipe msg received
[22:02:24.361] Pipe msg received
[22:02:24.361] Pipe msg received
[22:02:25.215] Pipe msg received
[22:02:25.216] Pipe msg received
[22:02:25.217] Pipe msg received
[22:02:25.649] Pipe msg received
[22:02:26.967] Pipe msg received
[22:02:26.967] Pipe msg received
[22:02:27.835] Pipe msg received
[22:02:28.248] Pipe msg received
[22:02:29.142] Pipe msg received
[22:02:29.144] Pipe msg received
[22:02:29.145] Pipe msg received
[22:02:29.547] Pipe msg received
[22:02:30.411] Pipe msg received
[22:02:30.412] Pipe msg received
[22:02:30.864] Pipe msg received
[22:02:30.865] Pipe msg received
[22:02:31.727] Pipe msg received
[22:02:31.728] Pipe msg received
[22:02:32.156] Pipe msg received
[22:02:33.003] Pipe msg received
[22:02:33.462] Pipe msg received
[22:02:33.462] Pipe msg received
[22:02:35.154] OnSourceInitialized start
[22:02:35.154] HWND=3408232
[22:02:35.154] GWL_EXSTYLE before: 0x00080008
[22:02:35.154] GWL_EXSTYLE after: 0x080800A8
[22:02:35.155] Screen 0: {X=0,Y=0,Width=2560,Height=1440}
[22:02:35.156] Engine+Renderer OK
[22:02:35.156] Pipe client starting
[22:02:35.157] OnSourceInitialized OK
[22:02:35.157] Pipe connected event
[22:02:35.639] Pipe msg received
[22:02:35.640] Pipe msg received
[22:02:35.641] Pipe msg received
[22:02:37.347] Pipe msg received
[22:02:38.670] Pipe msg received
[22:02:38.671] Pipe msg received
[22:02:38.672] Pipe msg received
[22:02:39.493] Pipe msg received
[22:02:39.981] Pipe msg received
[22:02:39.982] Pipe msg received
[22:02:39.983] Pipe msg received
[22:02:39.983] Pipe msg received
[22:02:40.819] Pipe msg received
[22:02:40.820] Pipe msg received
[22:02:41.247] Pipe msg received
[22:02:42.562] Pipe msg received
[22:02:42.562] Pipe msg received
[22:02:43.440] Pipe msg received
[22:02:43.440] Pipe msg received
[22:02:43.441] Pipe msg received
[22:04:43.406] OnSourceInitialized start
[22:04:43.407] HWND=855642
[22:04:43.407] GWL_EXSTYLE before: 0x00080008
[22:04:43.408] GWL_EXSTYLE after: 0x080800A8
[22:04:43.408] Screen 0: {X=0,Y=0,Width=2560,Height=1440}
[22:04:43.410] Engine+Renderer OK
[22:04:43.410] Pipe client starting
[22:04:43.411] OnSourceInitialized OK
[22:04:43.418] Pipe connected event
[22:04:44.266] Pipe msg received
[22:04:44.268] Pipe msg received
[22:04:44.774] Pipe msg received
[22:04:44.775] Pipe msg received
[22:04:45.576] Pipe msg received
[22:04:45.577] Pipe msg received
[22:04:46.053] Pipe msg received
[22:04:46.883] Pipe msg received
[22:04:46.885] Pipe msg received
[22:04:47.373] Pipe msg received
[22:04:47.373] Pipe msg received
[22:04:47.374] Pipe msg received
[22:04:48.139] Pipe msg received
[22:04:48.140] Pipe msg received
[22:04:48.652] Pipe msg received
[22:04:49.449] Pipe msg received
[22:04:49.450] Pipe msg received
[22:04:50.824] Pipe msg received
[22:04:51.269] Pipe msg received
[22:04:51.270] Pipe msg received
[22:04:52.036] Pipe msg received
[22:04:52.037] Pipe msg received
[22:04:52.567] Pipe msg received
[22:04:52.568] Pipe msg received
[22:04:53.350] Pipe msg received
[22:04:53.351] Pipe msg received
[22:04:53.353] Pipe msg received
[22:04:53.860] Pipe msg received
[22:04:54.795] Pipe msg received
[22:04:54.795] Pipe msg received
[22:04:55.151] Pipe msg received
[22:04:55.947] Pipe msg received
[22:04:55.949] Pipe msg received
[22:04:56.472] Pipe msg received
[22:04:56.472] Pipe msg received
[22:04:57.243] Pipe msg received
[22:04:59.050] Pipe msg received
[22:04:59.898] Pipe msg received
[22:05:00.375] Pipe msg received
[22:05:00.375] Pipe msg received
[22:05:00.376] Pipe msg received
[22:05:01.139] Pipe msg received
[22:05:01.140] Pipe msg received
[22:05:01.142] Pipe msg received
[22:05:01.654] Pipe msg received
[22:05:02.431] Pipe msg received
[22:05:03.755] Pipe msg received
[22:05:04.269] Pipe msg received
[22:05:04.269] Pipe msg received
[22:05:05.045] Pipe msg received
[22:05:05.561] Pipe msg received
[22:05:06.389] Pipe msg received
[22:05:06.389] Pipe msg received
[22:05:06.390] Pipe msg received
[22:05:06.390] Pipe msg received
[22:05:06.390] Pipe msg received
[22:05:06.852] Pipe msg received
[22:05:07.673] Pipe msg received
[22:05:08.153] Pipe msg received
[22:05:13.485] OnSourceInitialized start
[22:05:13.485] HWND=3673988
[22:05:13.485] GWL_EXSTYLE before: 0x00080008
[22:05:13.485] GWL_EXSTYLE after: 0x080800A8
[22:05:13.486] Screen 0: {X=0,Y=0,Width=2560,Height=1440}
[22:05:13.487] Engine+Renderer OK
[22:05:13.487] Pipe client starting
[22:05:13.487] OnSourceInitialized OK
[22:05:13.488] Pipe connected event
[22:05:14.138] Pipe msg received
[22:05:14.138] Pipe msg received
[22:05:14.139] Pipe msg received
[22:05:15.951] Pipe msg received
[22:05:16.749] Pipe msg received
[22:05:17.269] Pipe msg received
[22:05:17.269] Pipe msg received
[22:05:18.063] Pipe msg received
[22:05:18.552] Pipe msg received
[22:05:19.342] Pipe msg received
[22:05:19.342] Pipe msg received
[22:05:19.871] Pipe msg received
[22:05:19.871] Pipe msg received
[22:05:20.692] Pipe msg received
[22:05:20.693] Pipe msg received
[22:05:21.172] Pipe msg received
[22:05:21.172] Pipe msg received
[22:05:21.173] Pipe msg received
[22:05:21.950] Pipe msg received
[22:05:21.952] Pipe msg received
[22:05:21.952] Pipe msg received
[22:05:22.457] Pipe msg received
[22:05:23.240] Pipe msg received
[22:05:23.752] Pipe msg received
[22:05:24.582] Pipe msg received
[22:05:24.583] Pipe msg received
[22:05:24.583] Pipe msg received
[22:05:24.583] Pipe msg received
[22:05:24.583] Pipe msg received
[22:05:25.052] Pipe msg received
[22:05:25.875] Pipe msg received
[22:05:25.875] Pipe msg received
[22:05:26.374] Pipe msg received
[22:05:26.375] Pipe msg received
[22:05:26.376] Pipe msg received
[22:05:28.419] OnSourceInitialized start
[22:05:28.420] HWND=986714
[22:05:28.420] GWL_EXSTYLE before: 0x00080008
[22:05:28.420] GWL_EXSTYLE after: 0x080800A8
[22:05:28.420] Screen 0: {X=0,Y=0,Width=2560,Height=1440}
[22:05:28.421] Engine+Renderer OK
[22:05:28.421] Pipe client starting
[22:05:28.422] OnSourceInitialized OK
[22:05:28.422] Pipe connected event
[22:05:28.444] Pipe msg received
[22:05:28.988] Pipe msg received
[22:05:28.988] Pipe msg received
[22:05:28.989] Pipe msg received
[22:05:28.989] Pipe msg received
[22:05:28.990] Pipe msg received
[22:05:29.802] Pipe msg received
[22:05:30.275] Pipe msg received
[22:05:30.277] Pipe msg received
[22:05:58.424] OnSourceInitialized start
[22:05:58.425] HWND=2297708
[22:05:58.425] GWL_EXSTYLE before: 0x00080008
[22:05:58.425] GWL_EXSTYLE after: 0x080800A8
[22:05:58.425] Screen 0: {X=0,Y=0,Width=2560,Height=1440}
[22:05:58.427] Engine+Renderer OK
[22:05:58.431] Pipe client starting
[22:05:58.432] OnSourceInitialized OK
[22:05:59.908] Pipe connected event
[22:06:05.799] Pipe msg received
[22:06:08.050] Pipe msg received
[22:06:12.295] Pipe msg received
[22:06:14.899] Pipe msg received
[22:06:27.592] Pipe msg received
[22:06:27.593] Pipe msg received
[22:06:30.154] Pipe msg received
[22:06:30.155] Pipe msg received
[22:06:30.499] Pipe msg received
[22:06:31.511] Pipe msg received
[22:06:31.512] Pipe msg received
[22:06:31.513] Pipe msg received
[22:06:31.513] Pipe msg received
[22:06:32.781] Pipe msg received
[22:06:32.782] Pipe msg received
[22:06:33.098] Pipe msg received
[22:06:34.064] Pipe msg received
[22:06:34.065] Pipe msg received
[22:06:34.065] Pipe msg received
[22:06:34.400] Pipe msg received
[22:06:35.386] Pipe msg received
[22:06:38.323] Pipe msg received
[22:06:38.323] Pipe msg received
[22:06:39.268] Pipe msg received
[22:06:43.500] Pipe msg received
[22:06:44.476] Pipe msg received
[22:06:47.055] Pipe msg received
[22:07:01.186] Pipe connected event
[22:07:18.263] Pipe msg received
[22:07:18.600] Pipe msg received
[22:07:19.897] Pipe msg received
[22:07:21.215] Pipe msg received
[22:07:21.217] Pipe msg received
[22:07:21.217] Pipe msg received
[22:07:22.156] Pipe msg received
[22:07:22.495] Pipe msg received
[22:07:23.476] Pipe msg received
[22:07:23.798] Pipe msg received
[22:07:25.096] Pipe msg received
[22:07:26.068] Pipe msg received
[22:07:26.425] Pipe msg received
[22:07:26.425] Pipe msg received
[22:07:27.359] Pipe msg received
[22:07:27.707] Pipe msg received
[22:07:27.708] Pipe msg received
[22:07:29.027] Pipe msg received
[22:07:29.028] Pipe msg received
[22:07:29.028] Pipe msg received
[22:07:30.005] Pipe msg received
[22:07:30.332] Pipe msg received
[22:07:30.333] Pipe msg received
[22:07:30.333] Pipe msg received
[22:07:31.262] Pipe msg received
[22:07:31.263] Pipe msg received
[22:07:31.597] Pipe msg received
[22:07:32.576] Pipe msg received
[22:07:32.931] Pipe msg received
[22:07:32.932] Pipe msg received
[22:07:32.933] Pipe msg received
[22:07:33.895] Pipe msg received
[22:07:33.896] Pipe msg received
[22:07:33.896] Pipe msg received
[22:07:33.896] Pipe msg received
[22:07:34.199] Pipe msg received
[22:07:35.154] Pipe msg received
[22:07:36.459] Pipe msg received
[22:07:36.459] Pipe msg received
[22:07:36.460] Pipe msg received
[22:07:36.830] Pipe msg received
[22:07:36.830] Pipe msg received
[22:07:38.099] Pipe msg received
[22:07:39.067] Pipe msg received
[22:07:39.401] Pipe msg received
[22:07:40.376] Pipe msg received
[22:07:40.377] Pipe msg received
[22:07:42.033] Pipe msg received
[22:07:42.033] Pipe msg received
[22:07:42.034] Pipe msg received
[22:07:43.303] Pipe msg received
[22:07:46.883] Pipe msg received
[22:07:50.769] Pipe msg received
[22:07:50.769] Pipe msg received
[22:07:50.770] Pipe msg received
[22:07:51.120] Pipe msg received
[22:07:51.120] Pipe msg received
[22:07:52.232] OnSourceInitialized start
[22:07:52.232] HWND=3543122
[22:07:52.232] GWL_EXSTYLE before: 0x00080008
[22:07:52.233] GWL_EXSTYLE after: 0x080800A8
[22:07:52.233] Screen 0: {X=0,Y=0,Width=2560,Height=1440}
[22:07:52.234] Engine+Renderer OK
[22:07:52.234] Pipe client starting
[22:07:52.234] OnSourceInitialized OK
[22:07:52.585] Pipe connected event
[22:07:53.382] Pipe msg received
[22:07:53.383] Pipe msg received
[22:07:53.383] Pipe msg received
[22:07:53.384] Pipe msg received
[22:07:53.385] Pipe msg received
[22:07:53.385] Pipe msg received
[22:07:53.726] Pipe msg received
[22:07:53.727] Pipe msg received
[22:07:53.727] Pipe msg received
[22:07:54.666] Pipe msg received
[22:07:54.666] Pipe msg received
[22:07:54.667] Pipe msg received
[22:07:55.024] Pipe msg received
[22:07:55.025] Pipe msg received
[22:07:55.025] Pipe msg received
[22:07:55.972] Pipe msg received
[22:07:55.974] Pipe msg received
[22:07:56.322] Pipe msg received
[22:07:56.323] Pipe msg received
[22:07:57.616] Pipe msg received
[22:07:57.617] Pipe msg received
[22:07:58.579] Pipe msg received
[22:07:58.579] Pipe msg received
[22:07:58.932] Pipe msg received
[22:07:58.933] Pipe msg received
[22:07:59.863] Pipe msg received
[22:07:59.865] Pipe msg received
[22:08:00.202] Pipe msg received
[22:08:03.178] OnSourceInitialized start
[22:08:03.178] HWND=1249168
[22:08:03.178] GWL_EXSTYLE before: 0x00080008
[22:08:03.179] GWL_EXSTYLE after: 0x080800A8
[22:08:03.179] Screen 0: {X=0,Y=0,Width=2560,Height=1440}
[22:08:03.180] Engine+Renderer OK
[22:08:03.180] Pipe client starting
[22:08:03.181] OnSourceInitialized OK
[22:08:03.665] Pipe connected event
[22:08:04.113] Pipe msg received
[22:08:05.111] Pipe msg received
[22:08:06.348] Pipe msg received
[22:08:07.593] OnSourceInitialized start
[22:08:07.594] HWND=3674194
[22:08:07.594] GWL_EXSTYLE before: 0x00080008
[22:08:07.594] GWL_EXSTYLE after: 0x080800A8
[22:08:07.595] Screen 0: {X=0,Y=0,Width=2560,Height=1440}
[22:08:07.596] Engine+Renderer OK
[22:08:07.596] Pipe client starting
[22:08:07.596] OnSourceInitialized OK
[22:08:12.766] Pipe connected event
[22:08:12.896] Pipe msg received
[22:08:14.150] Pipe msg received
[22:08:14.498] Pipe msg received
[22:08:15.489] Pipe msg received
[22:08:15.832] Pipe msg received
[22:08:15.833] Pipe msg received
[22:08:15.833] Pipe msg received
[22:08:17.128] Pipe msg received
[22:08:17.128] Pipe msg received
[22:08:17.128] Pipe msg received
[22:08:18.061] Pipe msg received
[22:08:18.062] Pipe msg received
[22:08:18.418] Pipe msg received
[22:08:18.419] Pipe msg received
[22:08:19.368] Pipe msg received
[22:08:19.369] Pipe msg received
[22:08:19.369] Pipe msg received
[22:08:19.370] Pipe msg received
[22:08:19.705] Pipe msg received
[22:08:19.706] Pipe msg received
[22:08:20.710] Pipe msg received
[22:08:20.710] Pipe msg received
[22:08:20.711] Pipe msg received
[22:08:20.711] Pipe msg received
[22:08:20.711] Pipe msg received
[22:08:20.712] Pipe msg received
[22:08:21.033] Pipe msg received
[22:08:21.034] Pipe msg received
[22:08:21.034] Pipe msg received
[22:08:21.035] Pipe msg received
[22:08:21.987] Pipe msg received
[22:08:21.989] Pipe msg received
[22:08:21.990] Pipe msg received
[22:08:21.990] Pipe msg received
[22:08:23.789] OnSourceInitialized start
[22:08:23.790] HWND=3739730
[22:08:23.790] GWL_EXSTYLE before: 0x00080008
[22:08:23.790] GWL_EXSTYLE after: 0x080800A8
[22:08:23.790] Screen 0: {X=0,Y=0,Width=2560,Height=1440}
[22:08:23.791] Engine+Renderer OK
[22:08:23.791] Pipe client starting
[22:08:23.792] OnSourceInitialized OK
[22:08:23.842] Pipe connected event
[22:08:24.561] Pipe msg received
[22:08:24.562] Pipe msg received
[22:08:24.917] Pipe msg received
[22:08:24.918] Pipe msg received
[22:08:27.178] Pipe msg received
[22:08:27.522] Pipe msg received
[22:08:27.523] Pipe msg received
[22:08:30.105] Pipe msg received
[22:08:31.041] Pipe msg received
[22:08:32.389] Pipe msg received
[22:08:33.683] Pipe msg received
[22:08:34.966] Pipe msg received
[22:08:34.967] Pipe msg received
[22:08:37.574] Pipe msg received
[22:08:37.906] Pipe msg received
[22:08:40.184] Pipe msg received
[22:08:40.185] Pipe msg received
[22:08:41.494] Pipe msg received
[22:08:41.495] Pipe msg received
[22:08:41.496] Pipe msg received
[22:08:42.798] Pipe msg received
[22:08:42.799] Pipe msg received
[22:08:42.799] Pipe msg received
[22:08:45.384] Pipe msg received
[22:08:45.703] Pipe msg received
[22:08:47.001] Pipe msg received
[22:08:47.999] Pipe msg received
[22:08:48.299] Pipe msg received
[22:08:49.249] Pipe msg received
[22:08:51.868] Pipe msg received
[22:08:53.181] Pipe msg received
[22:08:53.182] Pipe msg received
[22:08:53.500] Pipe msg received
[22:08:54.464] Pipe msg received
[22:08:58.370] Pipe msg received
[22:08:58.708] Pipe msg received
[22:08:58.708] Pipe msg received
[22:09:00.000] Pipe msg received
[22:09:01.022] Pipe msg received
[22:09:02.253] Pipe msg received
[22:09:06.168] Pipe msg received
[22:09:06.502] Pipe msg received
[22:09:07.479] Pipe msg received
[22:09:09.100] Pipe msg received
[22:09:10.086] Pipe msg received
[22:09:10.087] Pipe msg received
[22:09:11.349] Pipe msg received
[22:09:13.024] Pipe msg received
[22:09:15.607] Pipe msg received
[22:09:15.608] Pipe msg received
[22:09:16.572] Pipe msg received
[22:09:16.573] Pipe msg received
[22:09:17.891] Pipe msg received
[22:09:20.800] Pipe msg received
[22:09:23.403] Pipe msg received
[22:09:24.357] Pipe msg received
[22:09:24.702] Pipe msg received
[22:09:27.299] Pipe msg received
[22:09:29.557] Pipe msg received
[22:09:33.461] Pipe msg received
[22:09:39.004] Pipe msg received
[22:09:39.978] Pipe msg received
[22:09:41.289] Pipe msg received
[22:09:43.873] Pipe msg received
[22:09:44.203] Pipe msg received
[22:09:45.151] Pipe msg received
[22:09:46.498] Pipe msg received
[22:09:46.824] Pipe msg received
[22:09:46.825] Pipe msg received
[22:09:47.780] Pipe msg received
[22:09:49.435] Pipe msg received
[22:09:51.651] Pipe msg received
[22:09:52.004] Pipe msg received
[22:09:54.622] Pipe msg received
[22:09:54.624] Pipe msg received
[22:09:56.852] Pipe msg received
[22:09:58.505] Pipe msg received
[22:10:02.060] Pipe msg received
[22:10:03.348] Pipe msg received
[22:10:05.988] Pipe msg received
[22:10:08.556] Pipe msg received
[22:10:08.909] Pipe msg received
[22:10:10.203] Pipe msg received
[22:10:11.177] Pipe msg received
[22:10:12.472] Pipe msg received
[22:10:12.473] Pipe msg received
[22:10:12.824] Pipe msg received
[22:10:12.825] Pipe msg received
[22:10:14.130] Pipe msg received
[22:10:14.130] Pipe msg received
[22:10:14.131] Pipe msg received
[22:10:15.124] Pipe msg received
[22:10:15.124] Pipe msg received
[22:10:15.125] Pipe msg received
[22:10:16.359] Pipe msg received
[22:10:16.709] Pipe msg received
[22:10:16.709] Pipe msg received
[22:10:17.652] Pipe msg received
[22:10:18.981] Pipe msg received
[22:10:20.287] Pipe msg received
[22:10:20.288] Pipe msg received
[22:10:23.202] Pipe msg received
[22:10:24.502] Pipe msg received
[22:10:25.488] Pipe msg received
[22:10:26.770] Pipe msg received
[22:10:27.110] Pipe msg received
[22:10:28.059] Pipe msg received
[22:10:28.060] Pipe msg received
[22:10:29.708] Pipe msg received
[22:10:33.277] Pipe msg received
[22:10:33.279] Pipe msg received
[22:10:34.562] Pipe msg received
[22:10:34.563] Pipe msg received
[22:10:39.766] Pipe msg received
[22:10:41.106] Pipe msg received
[22:10:42.716] Pipe msg received
[22:10:46.268] Pipe msg received
[22:10:50.505] Pipe msg received
[22:10:54.072] Pipe msg received
[22:10:55.704] Pipe msg received
[22:11:00.564] Pipe msg received
[22:11:00.906] Pipe msg received
[22:11:04.482] Pipe msg received
[22:11:04.803] Pipe msg received
[22:11:08.706] Pipe msg received
[22:11:10.989] Pipe msg received
[22:11:11.305] Pipe msg received
[22:11:12.270] Pipe msg received
[22:11:12.608] Pipe msg received
[22:11:15.223] Pipe msg received
[22:11:15.224] Pipe msg received
[22:11:17.484] Pipe msg received
[22:11:24.306] Pipe msg received
[22:11:29.162] Pipe msg received
[22:11:30.811] Pipe msg received
[22:11:31.778] Pipe msg received
[22:11:33.062] Pipe msg received
[22:11:37.304] Pipe msg received
[22:11:38.608] Pipe msg received
[22:11:42.159] Pipe msg received
[22:11:45.108] Pipe msg received
[22:11:46.086] Pipe msg received
[22:11:46.087] Pipe msg received
[22:11:46.087] Pipe msg received
[22:11:46.405] Pipe msg received
[22:11:49.038] Pipe msg received
[22:11:51.605] Pipe msg received
[22:11:58.110] Pipe msg received
[22:11:59.411] Pipe msg received
[22:11:59.412] Pipe msg received
[22:12:05.905] Pipe msg received
[22:12:08.220] Pipe msg received
[22:12:09.489] Pipe msg received
[22:12:09.807] Pipe msg received
[22:12:10.784] Pipe msg received
[22:12:10.784] Pipe msg received
[22:12:10.785] Pipe msg received
[22:12:11.107] Pipe msg received
[22:12:12.098] Pipe msg received
[22:12:12.098] Pipe msg received
[22:12:12.409] Pipe msg received
[22:12:13.416] Pipe msg received
[22:12:13.417] Pipe msg received
[22:12:13.417] Pipe msg received
[22:12:13.418] Pipe msg received
[22:12:13.418] Pipe msg received
[22:12:13.418] Pipe msg received
[22:12:13.419] Pipe msg received
[22:12:13.732] Pipe msg received
[22:12:13.732] Pipe msg received
[22:12:14.691] Pipe msg received
[22:12:15.050] Pipe msg received
[22:12:15.051] Pipe msg received
[22:12:15.051] Pipe msg received
[22:12:15.051] Pipe msg received
[22:12:15.052] Pipe msg received
[22:12:15.999] Pipe msg received
[22:12:15.999] Pipe msg received
[22:12:16.000] Pipe msg received
[22:12:16.000] Pipe msg received
[22:12:16.001] Pipe msg received
[22:12:16.334] Pipe msg received
[22:12:16.335] Pipe msg received
[22:12:16.336] Pipe msg received
[22:12:16.336] Pipe msg received
[22:12:17.291] Pipe msg received
[22:12:17.292] Pipe msg received
[22:12:17.292] Pipe msg received
[22:12:17.629] Pipe msg received
[22:12:17.629] Pipe msg received
[22:12:18.589] Pipe msg received
[22:12:18.590] Pipe msg received
[22:12:18.941] Pipe msg received
[22:12:18.941] Pipe msg received
[22:12:18.943] Pipe msg received
[22:12:18.943] Pipe msg received
[22:12:19.881] Pipe msg received
[22:12:19.883] Pipe msg received
[22:12:20.208] Pipe msg received
[22:12:21.174] Pipe msg received
[22:12:21.506] Pipe msg received
[22:12:22.489] Pipe msg received
[22:12:22.490] Pipe msg received
[22:12:22.490] Pipe msg received
[22:12:22.491] Pipe msg received
[22:12:22.809] Pipe msg received
[22:12:23.811] Pipe msg received
[22:12:23.812] Pipe msg received
[22:12:24.117] Pipe msg received
[22:12:24.118] Pipe msg received
[22:12:25.108] Pipe msg received
[22:12:25.109] Pipe msg received
[22:12:25.109] Pipe msg received
[22:12:25.111] Pipe msg received
[22:12:25.429] Pipe msg received
[22:12:25.429] Pipe msg received
[22:12:26.706] Pipe msg received
[22:12:27.704] Pipe msg received
[22:12:27.706] Pipe msg received
[22:12:28.990] Pipe msg received
[22:12:28.991] Pipe msg received
[22:12:30.288] Pipe msg received
[22:12:30.290] Pipe msg received
[22:12:34.186] Pipe msg received
[22:12:34.512] Pipe msg received
[22:12:36.793] Pipe msg received
[22:12:36.793] Pipe msg received
[22:12:37.110] Pipe msg received
[22:12:38.081] Pipe msg received
[22:12:38.411] Pipe msg received
[22:12:41.028] Pipe msg received
[22:12:41.028] Pipe msg received
[22:12:43.620] Pipe msg received
[22:12:44.590] Pipe msg received
[22:12:44.590] Pipe msg received
[22:12:44.590] Pipe msg received
[22:12:44.907] Pipe msg received
[22:12:46.209] Pipe msg received
[22:12:47.175] Pipe msg received
[22:12:49.764] Pipe msg received
[22:12:51.410] Pipe msg received
[22:12:53.684] Pipe msg received
[22:12:55.306] Pipe msg received
[22:13:07.021] Pipe msg received
[22:13:08.307] Pipe msg received
[22:13:11.865] Pipe msg received
[22:13:12.238] Pipe msg received
[22:13:13.183] Pipe msg received
[22:13:13.184] Pipe msg received
[22:13:14.471] Pipe msg received
[22:13:14.825] Pipe msg received
[22:13:14.826] Pipe msg received
[22:13:16.108] Pipe msg received
[22:13:17.408] Pipe msg received
[22:13:21.310] Pipe msg received
[22:13:22.613] Pipe msg received
[22:13:23.909] Pipe msg received
[22:13:26.511] Pipe msg received
[22:13:28.821] Pipe msg received
[22:13:39.509] Pipe msg received
[22:13:40.809] Pipe msg received
[22:13:47.020] Pipe msg received
[22:13:47.020] Pipe msg received
[22:13:54.793] Pipe msg received
[22:14:00.310] Pipe msg received
[22:14:04.217] Pipe msg received
[22:14:07.780] Pipe msg received
[22:14:08.111] Pipe msg received
[22:14:10.738] Pipe msg received
[22:14:10.739] Pipe msg received
[22:14:10.739] Pipe msg received
[22:14:12.992] Pipe msg received
[22:14:14.611] Pipe msg received
[22:14:15.938] Pipe msg received
[22:14:15.938] Pipe msg received
[22:14:15.939] Pipe msg received
[22:14:19.475] Pipe msg received
[22:14:19.823] Pipe msg received
[22:14:21.109] Pipe msg received
[22:14:23.371] Pipe msg received
[22:14:23.372] Pipe msg received
[22:14:24.672] Pipe msg received
[22:14:24.673] Pipe msg received
[22:14:25.973] Pipe msg received
[22:14:27.299] Pipe msg received
[22:14:27.300] Pipe msg received
[22:14:27.301] Pipe msg received
[22:14:27.627] Pipe msg received
[22:14:27.627] Pipe msg received
[22:14:34.117] Pipe msg received
[22:14:36.710] Pipe msg received
[22:14:38.012] Pipe msg received
[22:14:41.938] Pipe msg received
[22:14:41.939] Pipe msg received
[22:14:45.813] Pipe msg received
[22:14:48.413] Pipe msg received
[22:14:51.956] Pipe msg received
[22:15:02.713] Pipe msg received
[22:15:03.673] Pipe msg received
[22:15:04.012] Pipe msg received
[22:15:04.970] Pipe msg received
[22:15:04.971] Pipe msg received
[22:15:05.314] Pipe msg received
[22:15:06.294] Pipe msg received
[22:15:06.295] Pipe msg received
[22:15:06.638] Pipe msg received
[22:15:06.638] Pipe msg received
[22:15:06.639] Pipe msg received
[22:15:07.603] Pipe msg received
[22:15:07.604] Pipe msg received
[22:15:07.604] Pipe msg received
[22:15:07.605] Pipe msg received
[22:15:07.960] Pipe msg received
[22:15:07.960] Pipe msg received
[22:15:07.961] Pipe msg received
[22:15:07.961] Pipe msg received
[22:15:07.961] Pipe msg received
[22:15:08.899] Pipe msg received
[22:15:08.902] Pipe msg received
[22:15:10.191] Pipe msg received
[22:15:10.192] Pipe msg received
[22:15:10.193] Pipe msg received
[22:15:10.536] Pipe msg received
[22:15:10.537] Pipe msg received
[22:15:10.538] Pipe msg received
[22:15:11.848] Pipe msg received
[22:15:11.848] Pipe msg received
[22:15:11.849] Pipe msg received
[22:15:11.851] Pipe msg received
[22:15:12.785] Pipe msg received
[22:15:12.787] Pipe msg received
[22:15:13.140] Pipe msg received
[22:15:13.141] Pipe msg received
[22:15:13.142] Pipe msg received
[22:15:14.095] Pipe msg received
[22:15:14.411] Pipe msg received
[22:15:15.404] Pipe msg received
[22:15:15.734] Pipe msg received
[22:15:15.736] Pipe msg received
[22:15:16.675] Pipe msg received
[22:15:17.068] Pipe msg received
[22:15:17.069] Pipe msg received
[22:15:17.069] Pipe msg received
[22:15:17.986] Pipe msg received
[22:15:17.988] Pipe msg received
[22:15:18.314] Pipe msg received
[22:15:19.262] Pipe msg received
[22:15:19.615] Pipe msg received
[22:15:24.479] Pipe msg received
[22:15:24.831] Pipe msg received
[22:15:25.799] Pipe msg received
[22:15:26.112] Pipe msg received
[22:15:27.412] Pipe msg received
[22:15:28.712] Pipe msg received
[22:15:30.015] Pipe msg received
[22:15:35.214] Pipe msg received
[22:15:37.463] Pipe msg received
[22:15:41.361] Pipe msg received
[22:15:42.668] Pipe msg received
[22:15:44.003] Pipe msg received
[22:15:44.004] Pipe msg received
[22:15:45.271] Pipe msg received
[22:15:46.601] Pipe msg received
[22:15:46.601] Pipe msg received
[22:15:48.213] Pipe msg received
[22:15:50.814] Pipe msg received
[22:15:52.115] Pipe msg received
[22:15:54.714] Pipe msg received
[22:15:58.621] Pipe msg received
[22:16:02.217] Pipe msg received
[22:16:03.492] Pipe msg received
[22:16:03.493] Pipe msg received
[22:16:03.814] Pipe msg received
[22:16:05.115] Pipe msg received
[22:16:09.033] Pipe msg received
[22:16:09.034] Pipe msg received
[22:16:09.975] Pipe msg received
[22:16:11.614] Pipe msg received
[22:16:13.889] Pipe msg received
[22:16:20.406] Pipe msg received
[22:16:22.951] Pipe msg received
[22:16:24.615] Pipe msg received
[22:16:28.176] Pipe msg received
[22:16:32.079] Pipe msg received
[22:16:34.721] Pipe msg received
[22:16:35.997] Pipe msg received
[22:16:36.327] Pipe msg received
[22:16:37.289] Pipe msg received
[22:16:37.615] Pipe msg received
[22:16:38.571] Pipe msg received
[22:16:43.781] Pipe msg received
[22:16:45.666] Pipe msg received
[22:16:48.016] Pipe msg received
[22:16:54.515] Pipe msg received
[22:16:57.115] Pipe msg received
[22:17:01.966] Pipe msg received
[22:17:06.219] Pipe msg received
[22:17:07.201] Pipe msg received
[22:17:07.514] Pipe msg received
[22:17:08.483] Pipe msg received
[22:17:09.772] Pipe msg received
[22:17:09.773] Pipe msg received
[22:17:10.124] Pipe msg received
[22:17:15.342] Pipe msg received
[22:17:15.344] Pipe msg received
[22:17:15.344] Pipe msg received
[22:17:16.631] Pipe msg received
[22:17:16.632] Pipe msg received
[22:17:17.559] Pipe msg received
[22:17:18.886] Pipe msg received
[22:17:19.216] Pipe msg received
[22:17:20.167] Pipe msg received
[22:17:20.168] Pipe msg received
[22:17:20.553] Pipe msg received
[22:17:20.554] Pipe msg received
[22:17:20.555] Pipe msg received
[22:17:20.555] Pipe msg received
[22:17:21.460] Pipe msg received
[22:17:22.813] Pipe msg received
[22:17:22.814] Pipe msg received
[22:17:23.115] Pipe msg received
[22:17:24.091] Pipe msg received
[22:17:24.441] Pipe msg received
[22:17:24.442] Pipe msg received
[22:17:25.400] Pipe msg received
[22:17:28.313] Pipe msg received
[22:17:29.617] Pipe msg received
[22:17:30.583] Pipe msg received
[22:17:30.584] Pipe msg received
[22:17:30.920] Pipe msg received
[22:17:31.893] Pipe msg received
[22:17:33.164] Pipe msg received
[22:17:34.831] Pipe msg received
[22:17:38.717] Pipe msg received
[22:17:40.017] Pipe msg received
[22:17:41.026] Pipe msg received
[22:17:45.220] Pipe msg received
[22:17:47.473] Pipe msg received
[22:17:53.982] Pipe msg received
[22:17:59.518] Pipe msg received
[22:18:00.479] Pipe msg received
[22:18:03.437] Pipe msg received
[22:18:03.437] Pipe msg received
[22:18:04.718] Pipe msg received
[22:18:05.693] Pipe msg received
[22:18:07.336] Pipe msg received
[22:18:07.337] Pipe msg received
[22:18:08.290] Pipe msg received
[22:18:09.556] Pipe msg received
[22:18:09.918] Pipe msg received
[22:18:10.901] Pipe msg received
[22:18:10.902] Pipe msg received
[22:18:11.215] Pipe msg received
[22:18:15.118] Pipe msg received
[22:18:20.318] Pipe msg received
[22:18:23.921] Pipe msg received
[22:18:25.165] Pipe msg received
[22:18:30.390] Pipe msg received
[22:18:32.019] Pipe msg received
[22:18:34.281] Pipe msg received
[22:18:35.917] Pipe msg received
[22:18:39.458] Pipe msg received
[22:18:41.116] Pipe msg received
[22:18:44.690] Pipe msg received
[22:18:48.918] Pipe msg received
[22:18:49.472] Pipe msg received
[22:19:00.283] Pipe msg received
[22:19:03.220] Pipe msg received
[22:19:08.442] Pipe msg received
[22:19:08.442] Pipe msg received
[22:19:11.020] Pipe msg received
[22:19:11.975] Pipe msg received
[22:19:13.285] Pipe msg received
[22:19:13.286] Pipe msg received
[22:19:13.621] Pipe msg received
[22:19:14.581] Pipe msg received
[22:19:17.202] Pipe msg received
[22:19:17.519] Pipe msg received
[22:19:18.506] Pipe msg received
[22:19:18.507] Pipe msg received
[22:19:22.393] Pipe msg received
[22:19:22.394] Pipe msg received
[22:19:22.395] Pipe msg received
[22:19:22.396] Pipe msg received
[22:19:25.066] Pipe msg received
[22:19:25.066] Pipe msg received
[22:19:25.345] Pipe msg received
[22:19:25.345] Pipe msg received
[22:19:25.348] Pipe msg received
[22:19:26.259] Pipe msg received
[22:19:27.595] Pipe msg received
[22:19:27.595] Pipe msg received
[22:19:27.596] Pipe msg received
[22:19:27.943] Pipe msg received
[22:19:27.944] Pipe msg received
[22:19:29.220] Pipe msg received
[22:19:30.521] Pipe msg received
[22:19:31.464] Pipe msg received
[22:19:32.832] Pipe msg received
[22:19:32.835] Pipe msg received
[22:19:32.835] Pipe msg received
[22:19:33.159] Pipe msg received
[22:19:33.160] Pipe msg received
[22:19:35.389] Pipe msg received
[22:19:37.038] Pipe msg received
[22:19:37.038] Pipe msg received
[22:19:37.970] Pipe msg received
[22:19:38.317] Pipe msg received
[22:19:39.617] Pipe msg received
[22:19:40.599] Pipe msg received
[22:19:40.979] Pipe msg received
[22:19:40.979] Pipe msg received
[22:19:42.241] Pipe msg received
[22:19:42.241] Pipe msg received
[22:19:43.522] Pipe msg received
[22:19:45.785] Pipe msg received
[22:19:45.786] Pipe msg received
[22:19:45.786] Pipe msg received
[22:19:46.119] Pipe msg received
[22:19:49.717] Pipe msg received
[22:19:49.718] Pipe msg received
[22:19:52.286] Pipe msg received
[22:19:53.571] Pipe msg received
[22:19:53.572] Pipe msg received
[22:19:55.218] Pipe msg received
[22:19:57.493] Pipe msg received
[22:19:58.765] Pipe msg received
[22:19:59.117] Pipe msg received
[22:20:02.709] Pipe msg received
[22:20:02.982] Pipe msg received
[22:20:03.022] Pipe msg received
[22:20:04.322] Pipe msg received
[22:20:05.299] Pipe msg received
[22:20:12.120] Pipe msg received
[22:20:15.684] Pipe msg received
[22:20:16.017] Pipe msg received
[22:20:20.944] Pipe msg received
[22:20:22.182] Pipe msg received
[22:20:23.492] Pipe msg received
[22:20:30.322] Pipe msg received
[22:20:31.619] Pipe msg received
[22:20:32.574] Pipe msg received
[22:20:33.887] Pipe msg received
[22:20:34.239] Pipe msg received
[22:20:34.239] Pipe msg received
[22:20:35.547] Pipe msg received
[22:20:35.549] Pipe msg received
[22:20:36.516] Pipe msg received
[22:20:36.843] Pipe msg received
[22:20:36.845] Pipe msg received
[22:20:40.365] Pipe msg received
[22:20:41.672] Pipe msg received
[22:20:41.673] Pipe msg received
[22:20:43.320] Pipe msg received
[22:20:44.282] Pipe msg received
[22:20:45.924] Pipe msg received
[22:20:46.954] Pipe msg received
[22:20:48.531] Pipe msg received
[22:20:48.532] Pipe msg received
[22:20:49.819] Pipe msg received
[22:20:51.139] Pipe msg received
[22:20:51.139] Pipe msg received
[22:20:52.426] Pipe msg received
[22:20:54.724] Pipe msg received
[22:20:58.567] Pipe msg received
[22:21:02.526] Pipe msg received
[22:21:08.971] Pipe msg received
[22:21:09.337] Pipe msg received
[22:21:14.205] Pipe msg received
[22:21:14.523] Pipe msg received
[22:21:16.769] Pipe msg received
[22:21:17.126] Pipe msg received
[22:21:19.759] Pipe msg received
[22:21:19.760] Pipe msg received
[22:21:19.760] Pipe msg received
[22:21:19.760] Pipe msg received
[22:21:21.025] Pipe msg received
[22:21:21.979] Pipe msg received
[22:21:21.980] Pipe msg received
[22:21:22.325] Pipe msg received
[22:21:23.313] Pipe msg received
[22:21:23.314] Pipe msg received
[22:21:24.940] Pipe msg received
[22:21:24.941] Pipe msg received
[22:21:26.261] Pipe msg received
[22:21:26.262] Pipe msg received
[22:21:26.263] Pipe msg received
[22:21:27.195] Pipe msg received
[22:21:27.197] Pipe msg received
[22:21:28.488] Pipe msg received
[22:21:30.126] Pipe msg received
[22:21:30.127] Pipe msg received
[22:21:31.068] Pipe msg received
[22:21:31.425] Pipe msg received
[22:21:32.419] Pipe msg received
[22:21:32.421] Pipe msg received
[22:21:32.421] Pipe msg received
[22:21:32.422] Pipe msg received
[22:21:32.422] Pipe msg received
[22:21:34.023] Pipe msg received
[22:21:35.018] Pipe msg received
[22:21:37.583] Pipe msg received
[22:21:37.583] Pipe msg received
[22:21:39.249] Pipe msg received
[22:21:39.250] Pipe msg received
[22:21:39.250] Pipe msg received
[22:21:43.129] Pipe msg received
[22:21:44.072] Pipe msg received
[22:21:45.726] Pipe msg received
[22:21:47.024] Pipe msg received
[22:21:49.656] Pipe msg received
[22:21:49.657] Pipe msg received
[22:21:50.943] Pipe msg received
[22:21:50.944] Pipe msg received
[22:21:51.899] Pipe msg received
[22:21:53.524] Pipe msg received
[22:21:56.124] Pipe msg received
[22:21:57.081] Pipe msg received
[22:21:57.447] Pipe msg received
[22:21:57.447] Pipe msg received
[22:21:58.747] Pipe msg received
[22:21:58.747] Pipe msg received
[22:21:59.729] Pipe msg received
[22:22:00.046] Pipe msg received
[22:22:00.047] Pipe msg received
[22:22:01.005] Pipe msg received
[22:22:01.321] Pipe msg received
[22:22:02.310] Pipe msg received
[22:22:02.311] Pipe msg received
[22:22:03.570] Pipe msg received
[22:22:03.933] Pipe msg received
[22:22:04.924] Pipe msg received
[22:22:06.192] Pipe msg received
[22:22:06.193] Pipe msg received
[22:22:06.195] Pipe msg received
[22:22:06.522] Pipe msg received
[22:22:07.502] Pipe msg received
[22:22:10.422] Pipe msg received
[22:22:11.372] Pipe msg received
[22:22:11.723] Pipe msg received
[22:22:14.323] Pipe msg received
[22:22:16.639] Pipe msg received
[22:22:18.224] Pipe msg received
[22:22:27.326] Pipe msg received
[22:22:31.226] Pipe msg received
[22:22:35.126] Pipe msg received
[22:22:36.425] Pipe msg received
[22:22:37.728] Pipe msg received
[22:22:39.026] Pipe msg received
[22:22:40.044] Pipe msg received
[22:22:41.626] Pipe msg received
[22:22:43.856] Pipe msg received
[22:22:45.527] Pipe msg received
[22:22:46.846] Pipe msg received
[22:22:46.847] Pipe msg received
[22:22:47.831] Pipe msg received
[22:22:48.123] Pipe msg received
[22:22:49.111] Pipe msg received
[22:22:49.112] Pipe msg received
[22:22:49.466] Pipe msg received
[22:22:49.467] Pipe msg received
[22:22:49.467] Pipe msg received
[22:22:50.726] Pipe msg received
[22:22:52.989] Pipe msg received
[22:22:54.667] Pipe msg received
[22:22:54.668] Pipe msg received
[22:22:55.925] Pipe msg received
[22:22:57.226] Pipe msg received
[22:22:58.530] Pipe msg received
[22:23:01.125] Pipe msg received
[22:23:05.034] Pipe msg received
[22:23:07.274] Pipe msg received
[22:23:08.580] Pipe msg received
[22:23:08.930] Pipe msg received
[22:23:09.902] Pipe msg received
[22:23:11.528] Pipe msg received
[22:23:12.499] Pipe msg received
[22:23:12.840] Pipe msg received
[22:23:14.125] Pipe msg received
[22:23:15.080] Pipe msg received
[22:23:15.428] Pipe msg received
[22:23:22.858] Pipe msg received
[22:23:27.125] Pipe msg received
[22:23:28.441] Pipe msg received
[22:23:28.441] Pipe msg received
[22:23:29.358] Pipe msg received
[22:23:29.361] Pipe msg received
[22:23:29.754] Pipe msg received
[22:23:29.755] Pipe msg received
[22:23:30.701] Pipe msg received
[22:23:31.042] Pipe msg received
[22:23:31.042] Pipe msg received
[22:23:31.978] Pipe msg received
[22:23:31.979] Pipe msg received
[22:23:32.328] Pipe msg received
[22:23:33.281] Pipe msg received
[22:23:33.282] Pipe msg received
[22:23:33.282] Pipe msg received
[22:23:33.654] Pipe msg received
[22:23:33.654] Pipe msg received
[22:23:33.655] Pipe msg received
[22:23:34.947] Pipe msg received
[22:23:34.948] Pipe msg received
[22:23:35.909] Pipe msg received
[22:23:36.256] Pipe msg received
[22:23:36.259] Pipe msg received
[22:23:37.211] Pipe msg received
[22:23:37.212] Pipe msg received
[22:23:37.214] Pipe msg received
[22:23:38.484] Pipe msg received
[22:23:38.486] Pipe msg received
[22:23:38.861] Pipe msg received
[22:23:38.863] Pipe msg received
[22:23:38.864] Pipe msg received
[22:23:38.864] Pipe msg received
[22:23:41.064] Pipe msg received
[22:23:42.369] Pipe msg received
[22:23:45.330] Pipe msg received
[22:23:47.933] Pipe msg received
[22:23:48.901] Pipe msg received
[22:23:50.549] Pipe msg received
[22:23:50.551] Pipe msg received
[22:23:51.479] Pipe msg received
[22:23:51.828] Pipe msg received
[22:23:55.393] Pipe msg received
[22:23:55.394] Pipe msg received
[22:24:00.611] Pipe msg received
[22:24:03.178] Pipe msg received
[22:24:04.475] Pipe msg received
[22:24:05.783] Pipe msg received
[22:24:10.030] Pipe msg received
[22:24:11.348] Pipe msg received
[22:24:11.349] Pipe msg received
[22:24:12.656] Pipe msg received
[22:24:12.657] Pipe msg received
[22:24:13.573] Pipe msg received
[22:24:13.929] Pipe msg received
[22:24:14.928] Pipe msg received
[22:24:18.807] Pipe msg received
[22:24:20.081] Pipe msg received
[22:24:23.039] Pipe msg received
[22:24:25.629] Pipe msg received
[22:24:26.930] Pipe msg received
[22:24:29.158] Pipe msg received
[22:24:30.527] Pipe msg received
[22:24:34.394] Pipe msg received
[22:24:34.728] Pipe msg received
[22:24:39.931] Pipe msg received
[22:24:40.894] Pipe msg received
[22:24:42.177] Pipe msg received
[22:24:43.474] Pipe msg received
[22:24:45.134] Pipe msg received
[22:24:50.011] Pipe msg received
[22:24:51.270] Pipe msg received
[22:24:55.534] Pipe msg received
[22:24:56.826] Pipe msg received
[22:25:00.389] Pipe msg received
[22:25:00.390] Pipe msg received
[22:25:00.733] Pipe msg received
[22:25:00.734] Pipe msg received
[22:25:02.031] Pipe msg received
[22:25:04.629] Pipe msg received
[22:25:05.611] Pipe msg received
[22:25:17.631] Pipe msg received
[22:25:18.579] Pipe msg received
[22:25:20.239] Pipe msg received
[22:25:28.047] Pipe msg received
[22:25:29.009] Pipe msg received
[22:25:29.010] Pipe msg received
[22:25:34.172] Pipe msg received
[22:25:44.593] Pipe msg received
[22:25:45.873] Pipe msg received
[22:25:48.503] Pipe msg received
[22:25:50.148] Pipe msg received
[22:25:50.148] Pipe msg received
[22:26:00.535] Pipe msg received
[22:26:11.882] Pipe msg received
[22:26:13.534] Pipe msg received
[22:26:15.809] Pipe msg received
[22:26:17.126] Pipe msg received
[22:26:20.995] Pipe msg received
[22:26:23.931] Pipe msg received
[22:26:32.685] Pipe msg received
[22:26:33.046] Pipe msg received
[22:26:33.982] Pipe msg received
[22:26:33.983] Pipe msg received
[22:26:34.331] Pipe msg received
[22:26:35.332] Pipe msg received
[22:26:35.333] Pipe msg received
[22:26:35.334] Pipe msg received
[22:26:35.334] Pipe msg received
[22:26:36.592] Pipe msg received
[22:26:36.592] Pipe msg received
[22:26:36.935] Pipe msg received
[22:26:37.879] Pipe msg received
[22:26:38.277] Pipe msg received
[22:26:38.278] Pipe msg received
[22:26:38.280] Pipe msg received
[22:26:38.280] Pipe msg received
[22:26:38.281] Pipe msg received
[22:26:38.281] Pipe msg received
[22:26:38.281] Pipe msg received
[22:26:39.208] Pipe msg received
[22:26:39.209] Pipe msg received
[22:26:39.209] Pipe msg received
[22:26:39.531] Pipe msg received
[22:26:40.490] Pipe msg received
[22:26:40.491] Pipe msg received
[22:26:40.834] Pipe msg received
[22:26:41.813] Pipe msg received
[22:26:42.132] Pipe msg received
[22:26:43.131] Pipe msg received
[22:26:43.132] Pipe msg received
[22:26:45.677] Pipe msg received
[22:26:46.031] Pipe msg received
[22:26:46.978] Pipe msg received
[22:26:46.979] Pipe msg received
[22:26:49.577] Pipe msg received
[22:26:52.226] Pipe msg received
[22:26:52.533] Pipe msg received
[22:26:54.857] Pipe msg received
[22:26:54.858] Pipe msg received
[22:26:54.860] Pipe msg received
[22:26:57.761] Pipe msg received
[22:26:57.762] Pipe msg received
[22:26:58.686] Pipe msg received
[22:27:02.579] Pipe msg received
[22:27:03.911] Pipe msg received
[22:27:04.231] Pipe msg received
[22:27:05.218] Pipe msg received
[22:27:05.219] Pipe msg received
[22:27:05.219] Pipe msg received
[22:27:05.558] Pipe msg received
[22:27:05.559] Pipe msg received
[22:27:06.488] Pipe msg received
[22:27:06.489] Pipe msg received
[22:27:06.836] Pipe msg received
[22:27:07.819] Pipe msg received
[22:27:08.167] Pipe msg received
[22:27:08.168] Pipe msg received
[22:27:08.168] Pipe msg received
[22:27:08.169] Pipe msg received
[22:27:09.108] Pipe msg received
[22:27:09.108] Pipe msg received
[22:27:10.733] Pipe msg received
[22:27:12.988] Pipe msg received
[22:27:13.358] Pipe msg received
[22:27:13.359] Pipe msg received
[22:27:13.359] Pipe msg received
[22:27:14.286] Pipe msg received
[22:27:14.636] Pipe msg received
[22:27:15.595] Pipe msg received
[22:27:17.233] Pipe msg received
[22:27:18.172] Pipe msg received
[22:27:18.535] Pipe msg received
[22:27:19.498] Pipe msg received
[22:27:19.499] Pipe msg received
[22:27:20.796] Pipe msg received
[22:27:21.131] Pipe msg received
[22:27:23.409] Pipe msg received
[22:27:24.707] Pipe msg received
[22:27:25.035] Pipe msg received
[22:27:25.973] Pipe msg received
[22:27:27.634] Pipe msg received
[22:27:28.599] Pipe msg received
[22:27:29.914] Pipe msg received
[22:27:30.231] Pipe msg received
[22:27:32.480] Pipe msg received
[22:27:32.835] Pipe msg received
[22:27:35.073] Pipe msg received
[22:27:36.734] Pipe msg received
[22:27:39.011] Pipe msg received
[22:27:48.106] Pipe msg received
[22:27:49.737] Pipe msg received
[22:27:54.936] Pipe msg received
[22:27:56.259] Pipe msg received
[22:27:56.261] Pipe msg received
[22:27:56.262] Pipe msg received
[22:28:03.682] Pipe msg received
[22:28:07.596] Pipe msg received
[22:28:07.934] Pipe msg received
[22:28:19.636] Pipe msg received
[22:28:20.619] Pipe msg received
[22:28:20.619] Pipe msg received
[22:28:24.854] Pipe msg received
[22:28:24.855] Pipe msg received
[22:28:26.135] Pipe msg received
[22:28:27.101] Pipe msg received
[22:28:30.976] Pipe msg received
[22:28:34.904] Pipe msg received
[22:28:37.838] Pipe msg received
[22:28:42.681] Pipe msg received
[22:28:43.055] Pipe msg received
[22:28:43.056] Pipe msg received
[22:28:43.999] Pipe msg received
[22:28:45.317] Pipe msg received
[22:28:46.606] Pipe msg received
[22:28:46.606] Pipe msg received
[22:28:48.237] Pipe msg received
[22:28:49.539] Pipe msg received
[22:28:50.511] Pipe msg received
[22:28:53.456] Pipe msg received
[22:28:53.457] Pipe msg received
[22:29:10.019] Pipe msg received
[22:29:11.638] Pipe msg received
[22:29:13.874] Pipe msg received
[22:29:14.238] Pipe msg received
[22:29:16.487] Pipe msg received
[22:29:17.826] Pipe msg received
[22:29:17.827] Pipe msg received
[22:29:20.401] Pipe msg received
[22:29:21.679] Pipe msg received
[22:29:23.356] Pipe msg received
[22:29:23.356] Pipe msg received
[22:29:27.241] Pipe msg received
[22:29:28.219] Pipe msg received
[22:29:29.492] Pipe msg received
[22:29:30.768] Pipe msg received
[22:29:31.141] Pipe msg received
[22:29:31.142] Pipe msg received
[22:29:32.128] Pipe msg received
[22:29:32.129] Pipe msg received
[22:29:32.130] Pipe msg received
[22:29:33.420] Pipe msg received
[22:29:35.054] Pipe msg received
[22:29:35.057] Pipe msg received
[22:29:36.027] Pipe msg received
[22:29:36.027] Pipe msg received
[22:29:36.339] Pipe msg received
[22:29:38.937] Pipe msg received
[22:29:39.904] Pipe msg received
[22:29:39.905] Pipe msg received
[22:29:41.197] Pipe msg received
[22:29:47.694] Pipe msg received
[22:29:48.038] Pipe msg received
[22:29:50.291] Pipe msg received
[22:29:50.639] Pipe msg received
[22:29:52.918] Pipe msg received
[22:29:52.919] Pipe msg received
[22:29:52.920] Pipe msg received
[22:29:54.180] Pipe msg received
[22:29:58.441] Pipe msg received
[22:30:10.170] Pipe msg received
[22:30:13.739] Pipe msg received
[22:30:14.058] Pipe msg received
[22:30:14.058] Pipe msg received
[22:30:14.989] Pipe msg received
[22:30:25.393] Pipe msg received
[22:30:28.008] Pipe msg received
[22:30:30.607] Pipe msg received
[22:30:33.543] Pipe msg received
[22:30:37.437] Pipe msg received
[22:30:40.040] Pipe msg received
[22:30:42.641] Pipe msg received
[22:30:43.584] Pipe msg received
[22:30:43.971] Pipe msg received
[22:30:43.972] Pipe msg received
[22:30:43.973] Pipe msg received
[22:30:45.238] Pipe msg received
[22:30:46.538] Pipe msg received
[22:30:49.137] Pipe msg received
[22:30:50.098] Pipe msg received
[22:30:50.098] Pipe msg received
[22:30:57.891] Pipe msg received
[22:31:03.439] Pipe msg received
[22:31:04.374] Pipe msg received
[22:31:08.323] Pipe msg received
[22:31:08.638] Pipe msg received
[22:31:10.925] Pipe msg received
[22:31:12.540] Pipe msg received
[22:31:17.382] Pipe msg received
[22:31:17.742] Pipe msg received
[22:31:21.659] Pipe msg received
[22:31:21.660] Pipe msg received
[22:31:22.607] Pipe msg received
[22:31:22.958] Pipe msg received
[22:31:22.959] Pipe msg received
[22:31:26.865] Pipe msg received
[22:31:29.124] Pipe msg received
[22:31:29.441] Pipe msg received
[22:31:31.677] Pipe msg received
[22:31:31.678] Pipe msg received
[22:31:33.338] Pipe msg received
[22:31:34.642] Pipe msg received
[22:31:38.199] Pipe msg received
[22:31:40.789] Pipe msg received
[22:31:42.438] Pipe msg received
[22:31:44.722] Pipe msg received
[22:31:50.262] Pipe msg received
[22:31:50.263] Pipe msg received
[22:31:55.442] Pipe msg received
[22:31:56.402] Pipe msg received
[22:31:57.705] Pipe msg received
[22:31:57.708] Pipe msg received
[22:31:57.709] Pipe msg received
[22:31:59.039] Pipe msg received
[22:31:59.040] Pipe msg received
[22:31:59.041] Pipe msg received
[22:31:59.041] Pipe msg received
[22:31:59.041] Pipe msg received
[22:31:59.042] Pipe msg received
[22:31:59.414] Pipe msg received
[22:31:59.415] Pipe msg received
[22:31:59.415] Pipe msg received
[22:31:59.415] Pipe msg received
[22:31:59.416] Pipe msg received
[22:31:59.416] Pipe msg received
[22:31:59.417] Pipe msg received
[22:32:00.363] Pipe msg received
[22:32:00.364] Pipe msg received
[22:32:00.364] Pipe msg received
[22:32:00.365] Pipe msg received
[22:32:00.365] Pipe msg received
[22:32:00.366] Pipe msg received
[22:32:00.366] Pipe msg received
[22:32:00.366] Pipe msg received
[22:32:00.367] Pipe msg received
[22:32:00.367] Pipe msg received
[22:32:01.622] Pipe msg received
[22:32:01.623] Pipe msg received
[22:32:01.624] Pipe msg received
[22:32:01.624] Pipe msg received
[22:32:01.626] Pipe msg received
[22:32:01.626] Pipe msg received
[22:32:01.627] Pipe msg received
[22:32:01.984] Pipe msg received
[22:32:01.985] Pipe msg received
[22:32:01.985] Pipe msg received
[22:32:01.986] Pipe msg received
[22:32:02.893] Pipe msg received
[22:32:02.893] Pipe msg received
[22:32:02.894] Pipe msg received
[22:32:03.239] Pipe msg received
[22:32:04.205] Pipe msg received
[22:32:04.206] Pipe msg received
[22:32:04.561] Pipe msg received
[22:32:04.561] Pipe msg received
[22:32:05.532] Pipe msg received
[22:32:05.533] Pipe msg received
[22:32:05.533] Pipe msg received
[22:32:05.533] Pipe msg received
[22:32:05.534] Pipe msg received
[22:32:05.840] Pipe msg received
[22:32:06.858] Pipe msg received
[22:32:06.859] Pipe msg received
[22:32:06.861] Pipe msg received
[22:32:06.862] Pipe msg received
[22:32:06.862] Pipe msg received
[22:32:07.194] Pipe msg received
[22:32:07.195] Pipe msg received
[22:32:07.195] Pipe msg received
[22:32:07.196] Pipe msg received
[22:32:07.196] Pipe msg received
[22:32:07.197] Pipe msg received
[22:32:08.494] Pipe msg received
[22:32:08.495] Pipe msg received
[22:32:08.495] Pipe msg received
[22:32:08.496] Pipe msg received
[22:32:08.496] Pipe msg received
[22:32:08.497] Pipe msg received
[22:32:09.436] Pipe msg received
[22:32:09.436] Pipe msg received
[22:32:09.769] Pipe msg received
[22:32:09.770] Pipe msg received
[22:32:10.720] Pipe msg received
[22:32:10.721] Pipe msg received
[22:32:10.722] Pipe msg received
[22:32:11.043] Pipe msg received
[22:32:13.331] Pipe msg received
[22:32:13.331] Pipe msg received
[22:32:13.332] Pipe msg received
[22:32:13.332] Pipe msg received
[22:32:13.669] Pipe msg received
[22:32:13.670] Pipe msg received
[22:32:13.670] Pipe msg received
[22:32:14.580] Pipe msg received
[22:32:14.967] Pipe msg received
[22:32:14.968] Pipe msg received
[22:32:14.968] Pipe msg received
[22:32:15.923] Pipe msg received
[22:32:16.246] Pipe msg received
[22:32:16.246] Pipe msg received
[22:32:17.255] Pipe msg received
[22:32:17.256] Pipe msg received
[22:32:17.256] Pipe msg received
[22:32:17.257] Pipe msg received
[22:32:17.257] Pipe msg received
[22:32:17.258] Pipe msg received
[22:32:17.259] Pipe msg received
[22:32:18.872] Pipe msg received
[22:32:18.872] Pipe msg received
[22:32:18.873] Pipe msg received
[22:32:18.874] Pipe msg received
[22:32:20.140] Pipe msg received
[22:32:21.095] Pipe msg received
[22:32:21.460] Pipe msg received
[22:32:21.461] Pipe msg received
[22:32:22.406] Pipe msg received
[22:32:24.042] Pipe msg received
[22:32:25.000] Pipe msg received
[22:32:25.001] Pipe msg received
[22:32:26.300] Pipe msg received
[22:32:26.301] Pipe msg received
[22:32:26.301] Pipe msg received
[22:32:29.266] Pipe msg received
[22:32:29.266] Pipe msg received
[22:32:31.852] Pipe msg received
[22:32:33.141] Pipe msg received
[22:32:35.400] Pipe msg received
[22:32:35.400] Pipe msg received
[22:32:35.758] Pipe msg received
[22:32:35.759] Pipe msg received
[22:32:38.345] Pipe msg received
[22:32:39.641] Pipe msg received
[22:32:40.578] Pipe msg received
[22:32:40.945] Pipe msg received
[22:32:43.196] Pipe msg received
[22:32:43.544] Pipe msg received
[22:32:44.493] Pipe msg received
[22:32:44.494] Pipe msg received
[22:32:44.865] Pipe msg received
[22:32:44.866] Pipe msg received
[22:32:45.800] Pipe msg received
[22:32:46.157] Pipe msg received
[22:32:46.158] Pipe msg received
[22:32:47.088] Pipe msg received
[22:32:48.399] Pipe msg received
[22:32:48.400] Pipe msg received
[22:32:48.754] Pipe msg received
[22:32:49.709] Pipe msg received
[22:32:49.711] Pipe msg received
[22:32:50.978] Pipe msg received
[22:32:51.367] Pipe msg received
[22:32:51.367] Pipe msg received
[22:32:52.291] Pipe msg received
[22:32:52.292] Pipe msg received
[22:32:53.584] Pipe msg received
[22:32:53.968] Pipe msg received
[22:32:53.969] Pipe msg received
[22:32:53.969] Pipe msg received
[22:32:54.917] Pipe msg received
[22:32:56.197] Pipe msg received
[22:32:56.542] Pipe msg received
[22:33:04.345] Pipe msg received
[22:33:07.901] Pipe msg received
[22:33:09.547] Pipe msg received
[22:33:13.093] Pipe msg received
[22:33:13.450] Pipe msg received
[22:33:13.451] Pipe msg received
[22:33:15.733] Pipe msg received
[22:33:16.063] Pipe msg received
[22:33:16.064] Pipe msg received
[22:33:17.015] Pipe msg received
[22:33:17.016] Pipe msg received
[22:33:17.363] Pipe msg received
[22:33:17.363] Pipe msg received
[22:33:18.308] Pipe msg received
[22:33:18.308] Pipe msg received
[22:33:18.309] Pipe msg received
[22:33:19.609] Pipe msg received
[22:33:19.942] Pipe msg received
[22:33:22.564] Pipe msg received
[22:33:22.564] Pipe msg received
[22:33:23.494] Pipe msg received
[22:33:23.845] Pipe msg received
[22:33:26.461] Pipe msg received
[22:33:26.462] Pipe msg received
[22:33:27.743] Pipe msg received
[22:33:28.715] Pipe msg received
[22:33:28.716] Pipe msg received
[22:33:28.717] Pipe msg received
[22:33:28.717] Pipe msg received
[22:33:29.063] Pipe msg received
[22:33:29.064] Pipe msg received
[22:33:30.141] Pipe msg received
[22:33:30.363] Pipe msg received
[22:33:30.363] Pipe msg received
[22:33:31.282] Pipe msg received
[22:33:31.283] Pipe msg received
[22:33:32.650] Pipe msg received
[22:33:32.651] Pipe msg received
[22:33:32.652] Pipe msg received
[22:33:32.968] Pipe msg received
[22:33:32.969] Pipe msg received
[22:33:33.896] Pipe msg received
[22:33:33.897] Pipe msg received
[22:33:34.260] Pipe msg received
[22:33:34.260] Pipe msg received
[22:33:36.849] Pipe msg received
[22:33:39.114] Pipe msg received
[22:33:39.115] Pipe msg received
[22:33:40.388] Pipe msg received
[22:33:40.743] Pipe msg received
[22:33:44.340] Pipe msg received
[22:33:51.153] Pipe msg received
[22:33:53.766] Pipe msg received
[22:33:53.767] Pipe msg received
[22:33:55.045] Pipe msg received
[22:33:56.347] Pipe msg received
[22:33:57.644] Pipe msg received
[22:34:04.146] Pipe msg received
[22:34:10.328] Pipe msg received
[22:34:10.645] Pipe msg received
[22:34:11.944] Pipe msg received
[22:34:12.917] Pipe msg received
[22:34:12.918] Pipe msg received
[22:34:13.256] Pipe msg received
[22:34:14.543] Pipe msg received
[22:34:15.512] Pipe msg received
[22:34:15.513] Pipe msg received
[22:34:15.514] Pipe msg received
[22:34:15.516] Pipe msg received
[22:34:15.881] Pipe msg received
[22:34:15.881] Pipe msg received
[22:34:15.882] Pipe msg received
[22:34:15.882] Pipe msg received
[22:34:16.818] Pipe msg received
[22:34:16.819] Pipe msg received
[22:34:16.819] Pipe msg received
[22:34:17.227] Pipe msg received
[22:34:17.228] Pipe msg received
[22:34:17.228] Pipe msg received
[22:34:17.228] Pipe msg received
[22:34:17.228] Pipe msg received
[22:34:17.229] Pipe msg received
[22:34:17.229] Pipe msg received
[22:34:17.229] Pipe msg received
[22:34:18.097] Pipe msg received
[22:34:18.097] Pipe msg received
[22:34:18.098] Pipe msg received
[22:34:18.511] Pipe msg received
[22:34:18.512] Pipe msg received
[22:34:18.513] Pipe msg received
[22:34:18.513] Pipe msg received
[22:34:18.514] Pipe msg received
[22:34:18.514] Pipe msg received
[22:34:18.514] Pipe msg received
[22:34:19.376] Pipe msg received
[22:34:19.376] Pipe msg received
[22:34:19.809] Pipe msg received
[22:34:19.810] Pipe msg received
[22:34:19.811] Pipe msg received
[22:34:19.812] Pipe msg received
[22:34:19.812] Pipe msg received
[22:34:19.813] Pipe msg received
[22:34:20.720] Pipe msg received
[22:34:20.721] Pipe msg received
[22:34:21.066] Pipe msg received
[22:34:21.066] Pipe msg received
[22:34:21.067] Pipe msg received
[22:34:22.019] Pipe msg received
[22:34:22.020] Pipe msg received
[22:34:22.020] Pipe msg received
[22:34:22.021] Pipe msg received
[22:34:22.365] Pipe msg received
[22:34:22.365] Pipe msg received
[22:34:23.680] Pipe msg received
[22:34:23.680] Pipe msg received
[22:34:23.681] Pipe msg received
[22:34:25.956] Pipe msg received
[22:34:26.251] Pipe msg received
[22:34:26.252] Pipe msg received
[22:34:27.198] Pipe msg received
[22:34:27.557] Pipe msg received
[22:34:28.508] Pipe msg received
[22:34:29.799] Pipe msg received
[22:34:29.800] Pipe msg received
[22:34:30.165] Pipe msg received
[22:34:30.166] Pipe msg received
[22:34:31.097] Pipe msg received
[22:34:32.432] Pipe msg received
[22:34:32.433] Pipe msg received
[22:34:33.688] Pipe msg received
[22:34:33.688] Pipe msg received
[22:34:36.313] Pipe msg received
[22:34:36.660] Pipe msg received
[22:34:37.945] Pipe msg received
[22:34:38.914] Pipe msg received
[22:34:40.225] Pipe msg received
[22:34:40.226] Pipe msg received
[22:34:41.490] Pipe msg received
[22:34:42.813] Pipe msg received
[22:34:43.146] Pipe msg received
[22:34:50.947] Pipe msg received
[22:34:53.549] Pipe msg received
[22:34:54.509] Pipe msg received
[22:34:54.845] Pipe msg received
[22:34:59.700] Pipe msg received
[22:35:01.370] Pipe msg received
[22:35:01.371] Pipe msg received
[22:35:02.306] Pipe msg received
[22:35:02.306] Pipe msg received
[22:35:04.919] Pipe msg received
[22:35:06.548] Pipe msg received
[22:35:10.447] Pipe msg received
[22:35:14.011] Pipe msg received
[22:35:14.013] Pipe msg received
[22:35:15.277] Pipe msg received
[22:35:17.871] Pipe msg received
[22:35:18.267] Pipe msg received
[22:35:18.268] Pipe msg received
[22:35:21.784] Pipe msg received
[22:35:22.148] Pipe msg received
[22:35:23.449] Pipe msg received
[22:35:26.971] Pipe msg received
[22:35:33.847] Pipe msg received
[22:35:37.458] Pipe msg received
[22:35:40.006] Pipe msg received
[22:35:40.007] Pipe msg received
[22:35:41.313] Pipe msg received
[22:35:42.950] Pipe msg received
[22:35:49.070] Pipe msg received
[22:35:53.346] Pipe msg received
[22:35:55.979] Pipe msg received
[22:35:55.980] Pipe msg received
[22:35:59.854] Pipe msg received
[22:36:08.965] Pipe msg received
[23:17:18.112] OnSourceInitialized start
[23:17:18.114] HWND=3673972
[23:17:18.114] GWL_EXSTYLE before: 0x00080008
[23:17:18.115] GWL_EXSTYLE after: 0x080800A8
[23:17:18.115] Screen 0: {X=0,Y=0,Width=2560,Height=1440}
[23:17:18.117] Engine+Renderer OK
[23:17:18.118] Pipe client starting
[23:17:18.118] OnSourceInitialized OK
[23:17:18.129] Pipe connected event
[23:17:21.687] Pipe msg received
[23:17:29.481] Pipe msg received
[23:17:36.525] OnSourceInitialized start
[23:17:36.525] HWND=3739508
[23:17:36.526] GWL_EXSTYLE before: 0x00080008
[23:17:36.526] GWL_EXSTYLE after: 0x080800A8
[23:17:36.526] Screen 0: {X=0,Y=0,Width=2560,Height=1440}
[23:17:36.527] Engine+Renderer OK
[23:17:36.527] Pipe client starting
[23:17:36.528] OnSourceInitialized OK
[23:17:49.367] Pipe connected event
[23:17:53.560] Pipe msg received
[23:18:00.381] Pipe msg received
[23:18:02.689] Pipe msg received
[23:18:02.689] Pipe msg received
[23:18:10.462] Pipe msg received
[23:18:13.078] Pipe msg received
[23:18:13.079] Pipe msg received
[23:18:16.281] Pipe msg received
[23:18:24.058] OnSourceInitialized start
[23:18:24.058] HWND=2298742
[23:18:24.058] GWL_EXSTYLE before: 0x00080008
[23:18:24.058] GWL_EXSTYLE after: 0x080800A8
[23:18:24.058] Screen 0: {X=0,Y=0,Width=2560,Height=1440}
[23:18:24.060] Engine+Renderer OK
[23:18:24.060] Pipe client starting
[23:18:24.060] OnSourceInitialized OK
[23:18:26.672] Pipe connected event
[23:18:28.009] Pipe msg received
[23:18:31.272] Pipe msg received
[23:18:32.563] Pipe msg received
[23:18:36.482] Pipe msg received
[23:18:36.483] Pipe msg received
[23:18:37.766] Pipe msg received
[23:18:39.063] Pipe msg received
[23:18:47.501] Pipe msg received
[23:18:55.974] Pipe msg received
[23:19:12.863] Pipe msg received
[23:19:18.723] Pipe msg received
[23:19:19.999] Pipe msg received
[23:19:28.465] Pipe msg received
[23:19:31.065] Pipe msg received
[23:19:44.084] Pipe msg received
[23:19:44.086] Pipe msg received
[23:19:46.009] Pipe msg received
[23:19:49.265] Pipe msg received
[23:19:59.025] Pipe msg received
[23:20:02.913] Pipe msg received
[23:20:04.212] Pipe msg received
[23:20:06.805] Pipe msg received
[23:20:08.101] Pipe msg received
[23:20:13.970] Pipe msg received
[23:20:14.648] Pipe msg received
[23:20:15.264] Pipe msg received
[23:20:16.563] Pipe msg received
[23:20:18.503] Pipe msg received
[23:20:20.465] Pipe msg received
[23:20:23.738] Pipe msg received
[23:20:24.376] Pipe msg received
[23:20:25.019] Pipe msg received
[23:20:25.682] Pipe msg received
[23:20:25.684] Pipe msg received
[23:20:27.608] Pipe msg received
[23:20:28.269] Pipe msg received
[23:20:29.587] Pipe msg received
[23:20:29.588] Pipe msg received
[23:20:30.219] Pipe msg received
[23:20:30.220] Pipe msg received
[23:20:32.810] Pipe msg received
[23:20:33.466] Pipe msg received
[23:20:34.108] Pipe msg received
[23:20:35.436] Pipe msg received
[23:20:36.084] Pipe msg received
[23:20:36.086] Pipe msg received
[23:20:37.365] Pipe msg received
[23:20:39.323] Pipe msg received
[23:20:40.639] Pipe msg received
[23:20:40.639] Pipe msg received
[23:20:42.574] Pipe msg received
[23:20:43.867] Pipe msg received
[23:20:45.166] Pipe msg received
[23:20:45.809] Pipe msg received
[23:20:47.128] Pipe msg received
[23:20:47.770] Pipe msg received
[23:20:48.443] Pipe msg received
[23:20:49.066] Pipe msg received
[23:20:51.666] Pipe msg received
[23:20:52.969] Pipe msg received
[23:20:54.905] Pipe msg received
[23:20:57.506] Pipe msg received
[23:20:58.815] Pipe msg received
[23:20:59.467] Pipe msg received
[23:21:03.369] Pipe msg received
[23:21:07.267] Pipe msg received
[23:21:14.414] Pipe msg received
[23:21:15.065] Pipe msg received
[23:21:18.330] Pipe msg received
[23:21:18.331] Pipe msg received
[23:21:19.653] Pipe msg received
[23:21:22.867] Pipe msg received
[23:21:26.121] Pipe msg received
[23:21:28.096] Pipe msg received
[23:21:28.097] Pipe msg received
[23:21:28.098] Pipe msg received
[23:21:28.748] Pipe msg received
[23:21:28.749] Pipe msg received
[23:21:28.749] Pipe msg received
[23:21:32.606] Pipe msg received
[23:21:33.267] Pipe msg received
[23:21:34.566] Pipe msg received
[23:21:35.206] Pipe msg received
[23:21:39.769] Pipe msg received
[23:21:46.876] Pipe msg received
[23:21:49.524] Pipe msg received
[23:21:51.467] Pipe msg received
[23:21:52.108] Pipe msg received
[23:21:57.319] Pipe msg received
[23:22:05.159] Pipe msg received
[23:22:08.370] Pipe msg received
[23:22:14.870] Pipe msg received
[23:22:18.119] Pipe msg received
[23:22:19.413] Pipe msg received
[23:22:22.033] Pipe msg received
[23:22:25.267] Pipe msg received
[23:22:29.845] Pipe msg received
[23:22:29.846] Pipe msg received
[23:22:35.033] Pipe msg received
[23:22:35.700] Pipe msg received
[23:22:35.701] Pipe msg received
[23:22:35.701] Pipe msg received
[23:22:38.272] Pipe msg received
[23:22:39.568] Pipe msg received
[23:22:43.470] Pipe msg received
[23:22:44.115] Pipe msg received
[23:22:44.770] Pipe msg received
[23:22:45.428] Pipe msg received
[23:22:49.969] Pipe msg received
[23:22:51.911] Pipe msg received
[23:22:52.581] Pipe msg received
[23:22:56.472] Pipe msg received
[23:22:57.133] Pipe msg received
[23:23:07.562] Pipe msg received
[23:23:12.093] Pipe msg received
[23:23:12.094] Pipe msg received
[23:23:20.513] Pipe msg received
[23:23:22.471] Pipe msg received
[23:23:28.340] Pipe msg received
[23:23:28.989] Pipe msg received
[23:23:28.990] Pipe msg received
[23:23:31.572] Pipe msg received
[23:23:34.171] Pipe msg received
[23:23:36.153] Pipe msg received
[23:23:36.773] Pipe msg received
[23:23:38.073] Pipe msg received
[23:23:40.016] Pipe msg received
[23:23:40.670] Pipe msg received
[23:23:43.273] Pipe msg received
[23:23:48.471] Pipe msg received
[23:23:50.434] Pipe msg received
[23:23:51.723] Pipe msg received
[23:23:53.671] Pipe msg received
[23:23:57.574] Pipe msg received
[23:24:02.772] Pipe msg received
[23:24:04.727] Pipe msg received
[23:24:06.037] Pipe msg received
[23:24:07.340] Pipe msg received
[23:24:07.993] Pipe msg received
[23:24:07.994] Pipe msg received
[23:24:13.847] Pipe msg received
[23:24:15.793] Pipe msg received
[23:24:15.794] Pipe msg received
[23:24:20.972] Pipe msg received
[23:24:21.627] Pipe msg received
[23:24:24.883] Pipe msg received
[23:24:28.772] Pipe msg received
[23:24:29.419] Pipe msg received
[23:24:35.273] Pipe msg received
[23:24:37.874] Pipe msg received
[23:24:40.491] Pipe msg received
[23:24:40.491] Pipe msg received
[23:24:41.122] Pipe msg received
[23:24:47.620] Pipe msg received
[23:24:48.273] Pipe msg received
[23:24:48.926] Pipe msg received
[23:24:50.873] Pipe msg received
[23:24:57.376] Pipe msg received
[23:25:15.575] Pipe msg received
[23:25:24.693] Pipe msg received
[23:25:24.694] Pipe msg received
[23:25:29.221] Pipe msg received
[23:25:29.877] Pipe msg received
[23:25:33.786] Pipe msg received
[23:25:34.424] Pipe msg received
[23:25:46.559] Pipe msg received
[23:25:47.446] Pipe msg received
[23:25:51.324] Pipe msg received
[23:25:54.578] Pipe msg received
[23:25:55.875] Pipe msg received
[23:25:59.168] Pipe msg received
[23:25:59.776] Pipe msg received
[23:26:03.695] Pipe msg received
[23:26:03.696] Pipe msg received
[23:26:29.036] Pipe msg received
[23:26:30.987] Pipe msg received
[23:26:33.579] Pipe msg received
[23:26:36.828] Pipe msg received
[23:26:38.777] Pipe msg received
[23:26:42.703] Pipe msg received
[23:26:46.603] Pipe msg received
[23:26:46.603] Pipe msg received
[23:26:55.031] Pipe msg received
[23:26:55.675] Pipe msg received
[23:27:09.337] Pipe msg received
[23:27:12.610] Pipe msg received
[23:27:17.155] Pipe msg received
[23:27:19.086] Pipe msg received
[23:27:31.429] Pipe msg received
[23:27:34.056] Pipe msg received
[23:27:37.279] Pipe msg received
[23:27:39.883] Pipe msg received
[23:27:47.680] Pipe msg received
[23:27:48.349] Pipe msg received
[23:27:54.178] Pipe msg received
[23:28:04.594] Pipe msg received
[23:28:04.595] Pipe msg received
[23:28:06.533] Pipe msg received
[23:28:08.480] Pipe msg received
[23:28:12.380] Pipe msg received
[23:28:14.980] Pipe msg received
[23:28:21.480] Pipe msg received
[23:28:27.979] Pipe msg received
[23:28:30.588] Pipe msg received
[23:28:34.478] Pipe msg received
[23:28:48.790] Pipe msg received
[23:28:56.581] Pipe msg received
[23:29:03.082] Pipe msg received
[23:29:16.081] Pipe msg received
[23:29:53.786] Pipe msg received
[23:29:55.082] Pipe msg received
[23:29:57.683] Pipe msg received
[23:30:06.141] Pipe msg received
[23:30:08.747] Pipe msg received
[23:30:09.393] Pipe msg received
[23:30:18.481] Pipe msg received
[23:30:27.076] Pipe msg received
[23:30:32.141] Pipe msg received
[23:30:39.283] Pipe msg received
[23:30:40.588] Pipe msg received
[23:30:56.184] Pipe msg received
[23:31:26.085] Pipe msg received
[23:31:34.545] Pipe msg received
[23:31:38.456] Pipe msg received
[23:31:42.345] Pipe msg received
[23:31:45.590] Pipe msg received
[23:31:47.548] Pipe msg received
[23:31:50.151] Pipe msg received
[23:31:53.398] Pipe msg received
[23:31:58.584] Pipe msg received
[23:31:59.901] Pipe msg received
[23:31:59.901] Pipe msg received
[23:32:05.087] Pipe msg received
[23:32:14.186] Pipe msg received
[23:32:15.487] Pipe msg received
[23:32:20.060] Pipe msg received
[23:32:42.203] Pipe msg received
[23:32:44.090] Pipe msg received
[23:32:50.589] Pipe msg received
[23:32:53.868] Pipe msg received
[23:32:58.388] Pipe msg received
[23:33:06.187] Pipe msg received
[23:33:12.686] Pipe msg received
[23:33:13.993] Pipe msg received
[23:33:15.288] Pipe msg received
[23:33:21.786] Pipe msg received
[23:33:52.992] Pipe msg received
[23:33:58.857] Pipe msg received
[23:33:59.488] Pipe msg received
[23:35:32.603] OnSourceInitialized start
[23:35:32.604] HWND=987144
[23:35:32.604] GWL_EXSTYLE before: 0x00080008
[23:35:32.605] GWL_EXSTYLE after: 0x080800A8
[23:35:32.605] Screen 0: {X=0,Y=0,Width=2560,Height=1440}
[23:35:32.608] Engine+Renderer OK
[23:35:32.609] Pipe client starting
[23:35:32.609] OnSourceInitialized OK
[23:35:32.616] Pipe connected event
[23:35:43.491] Pipe msg received
[23:35:45.480] Pipe msg received
[23:35:49.992] Pipe msg received
[23:35:51.963] Pipe msg received
[23:36:04.300] Pipe msg received
[23:36:25.129] Pipe connected event
[23:36:26.603] Pipe msg received
[23:36:26.971] Pipe msg received
[23:36:26.972] Pipe msg received
[23:36:32.156] Pipe msg received
[23:36:34.468] Pipe msg received
[23:36:36.063] Pipe msg received
[23:36:38.656] Pipe msg received
[23:36:39.960] Pipe msg received
[23:36:40.894] Pipe msg received
[23:36:43.193] Pipe connected event
[23:36:51.760] Pipe msg received
[23:37:09.289] Pipe msg received
[23:37:32.691] Pipe msg received
[23:37:36.601] Pipe msg received
[23:37:46.989] Pipe msg received
[23:37:48.288] Pipe msg received
[23:38:08.467] Pipe msg received
[23:38:44.223] Pipe msg received
[23:38:44.224] Pipe msg received
[23:38:51.992] Pipe msg received
[23:38:55.898] Pipe msg received
[23:40:11.306] Pipe msg received
[23:40:14.578] Pipe msg received
[23:40:19.829] Pipe msg received
[23:40:28.890] Pipe msg received
[23:41:19.436] OnSourceInitialized start
[23:41:19.438] HWND=1446610
[23:41:19.438] GWL_EXSTYLE before: 0x00080008
[23:41:19.439] GWL_EXSTYLE after: 0x080800A8
[23:41:19.439] Screen 0: {X=0,Y=0,Width=2560,Height=1440}
[23:41:19.441] Engine+Renderer OK
[23:41:19.441] Pipe client starting
[23:41:19.442] OnSourceInitialized OK
[23:41:19.450] Pipe connected event
[23:41:30.007] Pipe msg received
[23:41:37.099] Pipe msg received
[23:41:46.202] Pipe msg received
[23:42:00.505] Pipe msg received
[23:42:03.100] Pipe msg received
[23:42:11.632] Pipe msg received
[23:42:14.183] Pipe msg received
[23:42:15.485] Pipe msg received
[23:42:21.996] Pipe msg received
[23:42:25.883] Pipe msg received
[23:42:27.184] Pipe msg received
[23:42:28.503] Pipe msg received
[23:42:36.336] Pipe msg received
[23:42:38.202] Pipe msg received
[23:43:00.313] Pipe msg received
[23:43:04.202] Pipe msg received
[23:43:07.506] Pipe msg received
[23:43:16.603] Pipe msg received
[23:43:23.702] Pipe msg received
[23:43:26.991] Pipe msg received
[23:43:28.902] Pipe msg received
[23:43:32.802] Pipe msg received
[23:43:44.501] Pipe msg received
[23:43:49.094] Pipe msg received
[23:43:51.690] Pipe msg received
[23:43:53.032] Pipe msg received
[23:43:55.592] Pipe msg received
[23:44:00.109] Pipe msg received
[23:44:03.408] Pipe msg received
[23:44:05.305] Pipe msg received
[23:44:11.193] Pipe msg received
[23:44:11.804] Pipe msg received
[23:44:20.904] Pipe msg received
[23:44:26.810] Pipe msg received
[23:44:26.811] Pipe msg received
[23:44:36.505] Pipe msg received
[23:44:39.106] Pipe msg received
[23:44:43.695] Pipe msg received
[23:44:52.105] Pipe msg received
[23:44:59.321] Pipe msg received
[23:45:16.221] Pipe msg received
[23:45:17.541] Pipe msg received
[00:12:24.720] OnSourceInitialized start
[00:12:24.722] HWND=855688
[00:12:24.723] GWL_EXSTYLE before: 0x00080008
[00:12:24.723] GWL_EXSTYLE after: 0x080800A8
[00:12:24.724] Screen 0: {X=0,Y=0,Width=2560,Height=1440}
[00:12:24.727] Engine+Renderer OK
[00:12:24.728] Pipe client starting
[00:12:24.729] OnSourceInitialized OK
[00:12:24.744] Pipe connected event
[00:12:28.359] Pipe msg received
[00:12:34.394] Pipe connected event
[00:12:35.423] Pipe msg received
[00:12:38.035] Pipe msg received
[00:12:38.036] Pipe msg received
[00:12:38.987] Pipe msg received
[00:12:41.590] Pipe msg received
[00:12:41.939] Pipe msg received
[00:12:41.940] Pipe msg received
[00:12:41.940] Pipe msg received
[00:12:44.182] Pipe connected event
[00:12:54.353] Pipe msg received
[00:13:00.867] Pipe msg received
[00:13:01.498] Pipe msg received
[00:13:02.780] Pipe msg received
[00:13:07.974] Pipe msg received
[00:13:22.308] Pipe msg received
[00:13:23.582] Pipe msg received
[00:13:26.853] Pipe msg received
[00:13:33.352] Pipe msg received
[00:13:37.252] Pipe msg received
[00:13:37.859] Pipe msg received
[00:13:45.081] Pipe msg received
[00:13:45.082] Pipe msg received
[00:13:45.083] Pipe msg received
[00:13:54.792] Pipe msg received
[00:13:55.456] Pipe msg received
[00:14:08.452] Pipe msg received
[00:14:17.627] Pipe msg received
[00:14:17.627] Pipe msg received
[00:14:24.057] Pipe msg received
[00:14:37.052] Pipe msg received
[00:14:38.354] Pipe msg received
[00:14:41.563] Pipe msg received
[00:14:42.270] Pipe msg received
[00:14:42.271] Pipe msg received
[00:14:46.156] Pipe msg received
[00:14:48.067] Pipe msg received
[00:14:48.067] Pipe msg received
[00:14:49.427] Pipe msg received
[00:14:50.053] Pipe msg received
[00:14:52.676] Pipe msg received
[00:14:55.252] Pipe msg received
[00:15:04.357] Pipe msg received
[00:15:06.952] Pipe msg received
[00:15:19.955] Pipe msg received
[00:15:21.860] Pipe msg received
[00:15:23.159] Pipe msg received
[00:15:28.374] Pipe msg received
[00:15:31.667] Pipe msg received
[00:15:32.264] Pipe msg received
[00:15:36.184] Pipe msg received
[00:15:38.157] Pipe msg received
[00:15:43.375] Pipe msg received
[00:15:43.379] Pipe msg received
[00:15:44.656] Pipe msg received
[00:15:48.553] Pipe msg received
[00:15:51.197] Pipe msg received
[00:15:56.369] Pipe msg received
[00:15:56.999] Pipe msg received
[00:16:04.159] Pipe msg received
[00:16:14.557] Pipe msg received
[00:16:21.054] Pipe msg received
[00:16:24.958] Pipe msg received
[00:16:27.570] Pipe msg received
[00:16:32.756] Pipe msg received
[00:16:34.086] Pipe msg received
[00:16:34.087] Pipe msg received
[00:16:36.660] Pipe msg received
[00:16:38.564] Pipe msg received
[00:16:41.858] Pipe msg received
[00:16:48.965] Pipe msg received
[00:17:00.719] Pipe msg received
[00:17:07.861] Pipe msg received
[00:17:12.384] Pipe msg received
[00:17:17.621] Pipe msg received
[00:17:22.160] Pipe msg received
[00:17:26.057] Pipe msg received
[00:17:36.459] Pipe msg received
[00:17:37.102] Pipe msg received
[00:17:47.488] Pipe msg received
[00:17:57.261] Pipe msg received
[00:18:06.380] Pipe msg received
[00:18:07.701] Pipe msg received
[00:18:07.702] Pipe msg received
[00:18:09.599] Pipe msg received
[00:18:16.079] Pipe msg received
[00:18:16.761] Pipe msg received
[00:18:17.385] Pipe msg received
[00:18:38.227] Pipe msg received
[00:18:42.764] Pipe msg received
[00:18:51.203] Pipe msg received
[00:18:51.873] Pipe msg received
[00:18:57.693] Pipe msg received
[00:19:08.761] Pipe msg received
[00:19:09.393] Pipe msg received
[00:19:21.777] Pipe msg received
[00:19:24.364] Pipe msg received
[00:19:32.163] Pipe msg received
[00:19:46.462] Pipe msg received
[00:19:47.100] Pipe msg received
[00:20:15.067] Pipe msg received
[00:20:18.963] Pipe msg received
[00:20:19.607] Pipe msg received
[00:20:20.906] Pipe msg received
[00:20:21.563] Pipe msg received
[00:20:22.869] Pipe msg received
[00:20:24.172] Pipe msg received
[00:20:24.838] Pipe msg received
[00:20:26.769] Pipe msg received
[00:20:31.321] Pipe msg received
[00:20:33.266] Pipe msg received
[00:20:37.163] Pipe msg received
[00:20:39.098] Pipe msg received
[00:20:53.419] Pipe msg received
[00:20:54.708] Pipe msg received
[00:20:55.368] Pipe msg received
[00:21:26.566] Pipe msg received
[00:21:39.564] Pipe msg received
[00:21:49.966] Pipe msg received
[00:21:53.204] Pipe msg received
[00:21:55.834] Pipe msg received
[00:21:57.768] Pipe msg received
[00:21:58.427] Pipe msg received
[00:22:02.318] Pipe msg received
[00:22:10.105] Pipe msg received
[00:22:17.922] Pipe msg received
[00:22:18.578] Pipe msg received
[00:22:26.367] Pipe msg received
[00:22:41.307] Pipe msg received
[00:22:53.012] Pipe msg received
[00:23:25.514] Pipe msg received
[00:23:37.869] Pipe msg received
[00:23:44.384] Pipe msg received
[00:23:50.871] Pipe msg received
[00:23:55.456] Pipe msg received
[00:23:58.669] Pipe msg received
[00:24:12.310] Pipe msg received
[00:24:18.816] Pipe msg received
[00:24:23.367] Pipe msg received
[00:24:41.571] Pipe msg received
[00:24:52.621] Pipe msg received
[00:25:14.075] Pipe msg received
[00:25:15.373] Pipe msg received
[00:25:25.771] Pipe msg received
[00:25:34.236] Pipe msg received
[00:25:53.073] Pipe msg received
[00:25:56.321] Pipe msg received
[00:25:57.619] Pipe msg received
[00:25:59.576] Pipe msg received
[00:26:02.826] Pipe msg received
[00:26:03.499] Pipe msg received
[00:26:03.503] Pipe msg received
[00:26:08.682] Pipe msg received
[00:26:09.322] Pipe msg received
[00:26:10.658] Pipe msg received
[00:26:10.659] Pipe msg received
[00:26:11.315] Pipe msg received
[00:26:11.319] Pipe msg received
[00:26:11.320] Pipe msg received
[00:26:11.321] Pipe msg received
[00:26:12.573] Pipe msg received
[00:26:13.245] Pipe msg received
[00:26:13.245] Pipe msg received
[00:26:14.527] Pipe msg received
[00:26:14.528] Pipe msg received
[00:26:15.171] Pipe msg received
[00:26:15.838] Pipe msg received
[00:26:15.839] Pipe msg received
[00:26:16.473] Pipe msg received
[00:26:18.464] Pipe msg received
[00:26:18.466] Pipe msg received
[00:26:19.096] Pipe msg received
[00:26:19.097] Pipe msg received
[00:26:20.392] Pipe msg received
[00:26:20.393] Pipe msg received
[00:26:21.679] Pipe msg received
[00:26:23.620] Pipe msg received
[00:26:24.275] Pipe msg received
[00:26:26.896] Pipe msg received
[00:26:26.897] Pipe msg received
[00:26:27.559] Pipe msg received
[00:26:29.489] Pipe msg received
[00:26:37.271] Pipe msg received
[00:26:40.531] Pipe msg received
[00:26:42.494] Pipe msg received
[00:26:42.495] Pipe msg received
[00:26:43.777] Pipe msg received
[00:26:50.278] Pipe msg received
[00:26:54.858] Pipe msg received
[00:27:05.872] Pipe msg received
[00:27:07.177] Pipe msg received
[00:27:08.474] Pipe msg received
[00:27:19.562] Pipe msg received
[00:27:20.830] Pipe msg received
[00:27:23.433] Pipe msg received
[00:27:27.336] Pipe msg received
[00:27:31.875] Pipe msg received
[00:27:32.563] Pipe msg received
[00:27:33.176] Pipe msg received
[00:27:36.426] Pipe msg received
[00:27:39.089] Pipe msg received
[00:27:39.676] Pipe msg received
[00:27:47.479] Pipe msg received
[00:27:50.728] Pipe msg received
[00:27:52.677] Pipe msg received
[00:27:53.326] Pipe msg received
[00:27:57.251] Pipe msg received
[00:28:00.476] Pipe msg received
[00:28:08.958] Pipe msg received
[00:28:17.393] Pipe msg received
[00:28:17.394] Pipe msg received
[00:28:18.678] Pipe msg received
[00:28:22.575] Pipe msg received
[00:28:34.275] Pipe msg received
[00:28:34.952] Pipe msg received
[00:29:03.553] Pipe msg received
[00:29:06.140] Pipe msg received
[00:29:12.631] Pipe msg received
[00:29:19.781] Pipe msg received
[00:29:22.380] Pipe msg received
[00:29:26.959] Pipe msg received
[00:29:27.577] Pipe msg received
[00:29:30.833] Pipe msg received
[00:29:40.599] Pipe msg received
[00:29:40.600] Pipe msg received
[00:29:44.500] Pipe msg received
[00:29:44.503] Pipe msg received
[00:29:54.879] Pipe msg received
[00:30:02.681] Pipe msg received
[00:30:05.948] Pipe msg received
[00:30:20.252] Pipe msg received
[00:30:41.066] Pipe msg received
[00:30:42.337] Pipe msg received
[00:30:43.661] Pipe msg received
[00:30:46.260] Pipe msg received
[00:30:50.156] Pipe msg received
[00:30:54.041] Pipe msg received
[00:30:54.683] Pipe msg received
[00:30:57.956] Pipe msg received
[00:31:03.149] Pipe msg received
[00:31:09.640] Pipe msg received
[00:31:15.498] Pipe msg received
[00:31:15.500] Pipe msg received
[00:31:18.739] Pipe msg received
[00:31:33.040] Pipe msg received
[00:31:34.341] Pipe msg received
[00:31:34.981] Pipe msg received
[00:31:40.184] Pipe msg received
[00:31:44.085] Pipe msg received
[00:31:46.686] Pipe msg received
[00:31:50.583] Pipe msg received
[00:31:55.785] Pipe msg received
[00:32:09.500] Pipe msg received
[00:32:11.385] Pipe msg received
[00:32:30.882] Pipe msg received
[00:32:41.946] Pipe msg received
[00:33:09.887] Pipe msg received
[00:33:14.450] Pipe msg received
[00:33:18.417] Pipe msg received
[00:33:20.285] Pipe msg received
[00:33:23.569] Pipe msg received
[00:33:24.184] Pipe msg received
[00:33:27.476] Pipe msg received
[00:33:28.749] Pipe msg received
[00:33:39.788] Pipe msg received
[00:33:48.884] Pipe msg received
[00:33:55.387] Pipe msg received
[00:34:31.153] Pipe msg received
[00:34:35.689] Pipe msg received
[00:34:37.652] Pipe msg received
[00:35:41.365] Pipe msg received
[00:35:42.676] Pipe msg received
[00:35:43.961] Pipe msg received
[00:35:46.558] Pipe msg received
[00:35:47.893] Pipe msg received
[00:36:02.788] Pipe msg received
[00:36:06.691] Pipe msg received
[00:36:19.089] Pipe msg received
[00:36:36.593] Pipe msg received
[00:36:37.892] Pipe msg received
[00:36:39.193] Pipe msg received
[00:36:46.994] Pipe msg received
[00:36:52.193] Pipe msg received
[00:36:55.469] Pipe msg received
[00:37:02.599] Pipe msg received
[00:37:11.691] Pipe msg received
[00:37:16.889] Pipe msg received
[00:37:29.263] Pipe msg received
[00:37:36.393] Pipe msg received
[00:37:41.593] Pipe msg received
[00:37:54.593] Pipe msg received
[00:37:59.816] Pipe msg received
[00:37:59.817] Pipe msg received
[00:38:03.697] Pipe msg received
[00:38:06.320] Pipe msg received
[00:38:06.322] Pipe msg received
[00:38:11.500] Pipe msg received
[00:38:14.095] Pipe msg received
[00:38:21.930] Pipe msg received
[00:38:21.936] Pipe msg received
[00:38:23.192] Pipe msg received
[00:38:24.505] Pipe msg received
[00:38:32.293] Pipe msg received
[00:38:42.693] Pipe msg received
[00:38:45.296] Pipe msg received
[00:38:46.597] Pipe msg received
[00:38:54.395] Pipe msg received
[00:39:03.496] Pipe msg received
[00:39:13.893] Pipe msg received
[00:39:17.804] Pipe msg received
[00:39:29.499] Pipe msg received
[00:39:35.995] Pipe msg received
[00:39:42.523] Pipe msg received
[00:39:42.523] Pipe msg received
[00:39:49.677] Pipe msg received
[00:40:00.086] Pipe msg received
[00:40:04.600] Pipe msg received
[00:40:08.497] Pipe msg received
[00:40:16.296] Pipe msg received
[00:40:17.597] Pipe msg received
[00:40:46.200] Pipe msg received
[00:40:46.879] Pipe msg received
[00:40:54.684] Pipe msg received
[00:41:16.098] Pipe msg received
[00:41:29.098] Pipe msg received
[00:41:31.079] Pipe msg received
[00:41:32.437] Pipe msg received
[00:41:47.298] Pipe msg received
[00:41:58.389] Pipe msg received
[00:42:09.400] Pipe msg received
[00:42:10.702] Pipe msg received
[00:42:14.598] Pipe msg received
[00:42:21.805] Pipe msg received
[00:42:22.400] Pipe msg received
[00:43:04.008] Pipe msg received
[00:43:04.709] Pipe msg received
[00:43:19.602] Pipe msg received
[00:43:20.901] Pipe msg received
[00:43:24.804] Pipe msg received
[00:43:37.193] Pipe msg received
[00:43:37.826] Pipe msg received
[00:43:37.826] Pipe msg received
[00:43:40.406] Pipe msg received
[00:43:43.003] Pipe msg received
[00:43:45.602] Pipe msg received
[00:43:53.405] Pipe msg received
[00:43:54.711] Pipe msg received
[00:44:04.489] Pipe msg received
[00:44:05.105] Pipe msg received
[00:44:29.809] Pipe msg received
[00:44:55.213] Pipe msg received
[00:44:58.424] Pipe msg received
[00:44:58.425] Pipe msg received
[00:45:16.609] Pipe msg received
[00:45:18.612] Pipe msg received
[00:45:27.709] Pipe msg received
[00:45:30.908] Pipe msg received
[00:45:34.808] Pipe msg received
[00:46:06.011] Pipe msg received
[00:46:11.913] Pipe msg received
[00:46:12.504] Pipe msg received
[00:46:17.102] Pipe msg received
[00:46:28.107] Pipe msg received
[00:46:47.609] Pipe msg received
[00:46:51.517] Pipe msg received
[00:46:59.306] Pipe msg received
[00:47:00.609] Pipe msg received
[00:47:07.111] Pipe msg received
[00:47:16.207] Pipe msg received
[00:47:36.404] Pipe msg received
[00:47:41.622] Pipe msg received
[00:47:42.209] Pipe msg received
[00:47:50.016] Pipe msg received
[00:47:52.069] Pipe msg received
[00:47:53.909] Pipe msg received
[00:48:17.323] Pipe msg received
[00:48:36.261] Pipe msg received
[00:48:37.547] Pipe msg received
[00:48:37.548] Pipe msg received
[00:48:42.713] Pipe msg received
[00:48:43.312] Pipe msg received
[00:48:44.005] Pipe msg received
[00:48:46.654] Pipe msg received
[00:48:46.655] Pipe msg received
[00:48:51.840] Pipe msg received
[00:48:51.844] Pipe msg received
[00:48:57.034] Pipe msg received
[00:48:57.036] Pipe msg received
[00:49:00.215] Pipe msg received
[00:49:01.521] Pipe msg received
[00:49:03.557] Pipe msg received
[00:49:04.840] Pipe msg received
[00:49:15.210] Pipe msg received
[00:49:24.310] Pipe msg received
[00:49:26.946] Pipe msg received
[00:49:34.010] Pipe msg received
[00:49:39.236] Pipe msg received
[00:49:39.237] Pipe msg received
[00:49:39.928] Pipe msg received
[00:49:45.719] Pipe msg received
[00:49:57.411] Pipe msg received
[00:50:27.314] Pipe msg received
[00:50:57.215] Pipe msg received
[00:51:01.112] Pipe msg received
[00:51:05.014] Pipe msg received
[00:51:05.728] Pipe msg received
[00:51:12.216] Pipe msg received
[00:51:18.716] Pipe msg received
[00:51:24.516] Pipe msg received
[00:51:28.413] Pipe msg received
[00:51:34.342] Pipe msg received
[00:51:40.114] Pipe msg received
[00:51:45.316] Pipe msg received
[00:51:54.413] Pipe msg received
[00:51:55.130] Pipe msg received
[00:52:14.621] Pipe msg received
[00:52:19.117] Pipe msg received
[00:52:20.439] Pipe msg received
[00:52:25.640] Pipe msg received
[00:52:25.641] Pipe msg received
[00:52:27.639] Pipe msg received
[00:52:29.522] Pipe msg received
[00:52:33.416] Pipe msg received
[00:53:02.723] Pipe msg received
[00:53:08.517] Pipe msg received
[00:53:16.344] Pipe msg received
[00:53:17.617] Pipe msg received
[00:53:28.741] Pipe msg received
[00:53:31.323] Pipe msg received
[00:53:37.118] Pipe msg received
[00:53:38.420] Pipe msg received
[00:53:44.918] Pipe msg received
[00:53:52.718] Pipe msg received
[00:54:03.121] Pipe msg received
[00:54:14.822] Pipe msg received
[00:54:20.020] Pipe msg received
[00:54:23.922] Pipe msg received
[00:54:29.122] Pipe msg received
[00:54:39.049] Pipe msg received
[00:54:44.719] Pipe msg received
[00:54:47.319] Pipe msg received
[00:54:57.724] Pipe msg received
[00:55:08.855] Pipe msg received
[00:55:08.856] Pipe msg received
[00:55:10.722] Pipe msg received
[00:55:12.020] Pipe msg received
[00:55:19.821] Pipe msg received
[00:55:21.122] Pipe msg received
[00:55:26.320] Pipe msg received
[00:55:28.331] Pipe msg received
[00:55:34.121] Pipe msg received
[00:55:54.923] Pipe msg received
[00:55:56.958] Pipe msg received
[00:56:01.423] Pipe msg received
[00:56:08.640] Pipe msg received
[00:56:09.983] Pipe msg received
[00:56:26.124] Pipe msg received
[00:56:33.936] Pipe msg received
[00:56:37.252] Pipe msg received
[00:56:40.423] Pipe msg received
[00:56:41.744] Pipe msg received
[00:56:41.745] Pipe msg received
[00:56:42.459] Pipe msg received
[00:56:45.626] Pipe msg received
[00:56:47.637] Pipe msg received
[00:56:58.626] Pipe msg received
[00:57:02.524] Pipe msg received
[00:57:20.725] Pipe msg received
[00:57:22.759] Pipe msg received
[00:57:37.046] Pipe msg received
[00:57:57.127] Pipe msg received
[00:58:03.040] Pipe msg received
[00:58:04.924] Pipe msg received
[00:58:09.557] Pipe msg received
[00:58:12.163] Pipe msg received
[00:58:17.946] Pipe msg received
[00:58:17.947] Pipe msg received
[00:58:21.825] Pipe msg received
[00:58:30.927] Pipe msg received
[00:58:32.230] Pipe msg received
[00:58:38.730] Pipe msg received
[00:58:45.226] Pipe msg received
[00:58:49.850] Pipe msg received
[00:58:51.147] Pipe msg received
[00:58:51.763] Pipe msg received
[00:58:51.764] Pipe msg received
[00:58:51.764] Pipe msg received
[00:58:53.030] Pipe msg received
[00:58:53.742] Pipe msg received
[00:59:02.130] Pipe msg received
[00:59:06.036] Pipe msg received
[00:59:11.230] Pipe msg received
[00:59:21.631] Pipe msg received
[00:59:24.228] Pipe msg received
[00:59:32.029] Pipe msg received
[00:59:32.744] Pipe msg received
[00:59:42.429] Pipe msg received
[00:59:48.928] Pipe msg received
[01:00:04.533] Pipe msg received
[01:00:23.495] Pipe msg received
[01:00:24.030] Pipe msg received
[01:00:31.830] Pipe msg received
[01:01:06.396] Pipe msg received
[01:01:08.255] Pipe msg received
[01:01:08.256] Pipe msg received
[01:01:08.256] Pipe msg received
[01:01:13.431] Pipe msg received
[01:01:17.348] Pipe msg received
[01:01:17.349] Pipe msg received
[01:01:18.645] Pipe msg received
[01:01:19.336] Pipe msg received
[01:01:20.641] Pipe msg received
[01:01:21.237] Pipe msg received
[01:01:51.135] Pipe msg received
[01:01:55.731] Pipe msg received
[01:01:58.344] Pipe msg received
[01:01:58.344] Pipe msg received
[01:01:59.628] Pipe msg received
[01:02:00.253] Pipe msg received
[01:02:02.266] Pipe msg received
[01:02:02.836] Pipe msg received
[01:02:03.522] Pipe msg received
[01:02:03.523] Pipe msg received
[01:02:06.127] Pipe msg received
[01:02:11.367] Pipe msg received
[01:02:16.536] Pipe msg received
[01:02:23.631] Pipe msg received
[01:02:24.935] Pipe msg received
[01:02:26.250] Pipe msg received
[01:02:27.551] Pipe msg received
[01:02:27.552] Pipe msg received
[01:02:34.037] Pipe msg received
[01:02:39.939] Pipe msg received
[01:02:44.433] Pipe msg received
[01:02:59.408] Pipe msg received
[01:03:04.605] Pipe msg received
[01:03:04.606] Pipe msg received
[01:03:16.970] Pipe msg received
[01:03:16.971] Pipe msg received
[01:03:19.536] Pipe msg received
[01:03:23.435] Pipe msg received
[01:03:27.338] Pipe msg received
[01:03:31.880] Pipe msg received
[01:03:35.806] Pipe msg received
[01:03:36.434] Pipe msg received
[01:03:37.738] Pipe msg received
[01:03:38.393] Pipe msg received
[01:03:42.936] Pipe msg received
[01:03:43.572] Pipe msg received
[01:03:54.672] Pipe msg received
[01:03:54.672] Pipe msg received
[01:04:01.155] Pipe msg received
[01:04:01.156] Pipe msg received
[01:04:08.960] Pipe msg received
[01:04:08.960] Pipe msg received
[01:04:12.838] Pipe msg received
[01:04:27.135] Pipe msg received
[01:04:28.438] Pipe msg received
[01:04:30.352] Pipe msg received
[01:04:33.638] Pipe msg received
[01:04:38.836] Pipe msg received
[01:05:03.545] Pipe msg received
[01:05:04.158] Pipe msg received
[01:05:06.139] Pipe msg received
[01:05:06.749] Pipe msg received
[01:05:07.438] Pipe msg received
[01:05:10.041] Pipe msg received
[01:05:12.670] Pipe msg received
[01:05:12.671] Pipe msg received
[01:05:12.671] Pipe msg received
[01:05:15.240] Pipe msg received
[01:05:15.833] Pipe msg received
[01:05:17.862] Pipe msg received
[01:05:17.863] Pipe msg received
[01:05:19.138] Pipe msg received
[01:05:20.456] Pipe msg received
[01:05:20.456] Pipe msg received
[01:05:23.654] Pipe msg received
[01:05:24.358] Pipe msg received
[01:05:24.359] Pipe msg received
[01:05:24.946] Pipe msg received
[01:05:27.529] Pipe msg received
[01:05:28.868] Pipe msg received
[01:05:29.538] Pipe msg received
[01:05:32.141] Pipe msg received
[01:05:33.458] Pipe msg received
[01:05:33.460] Pipe msg received
[01:05:35.332] Pipe msg received
[01:05:36.039] Pipe msg received
[01:05:38.640] Pipe msg received
[01:05:41.239] Pipe msg received
[01:05:45.138] Pipe msg received
[01:05:46.440] Pipe msg received
[01:05:49.042] Pipe msg received
[01:05:52.231] Pipe msg received
[01:05:52.942] Pipe msg received
[01:05:59.439] Pipe msg received
[01:06:09.839] Pipe msg received
[01:06:12.450] Pipe msg received
[01:06:15.040] Pipe msg received
[01:06:20.240] Pipe msg received
[01:06:20.826] Pipe msg received
[01:06:22.839] Pipe msg received
[01:06:24.760] Pipe msg received
[01:06:28.635] Pipe msg received
[01:06:31.944] Pipe msg received
[01:06:36.427] Pipe msg received
[01:06:38.444] Pipe msg received
[01:06:42.341] Pipe msg received
[01:06:44.244] Pipe msg received
[01:06:44.943] Pipe msg received
[01:06:48.161] Pipe msg received
[01:06:55.928] Pipe msg received
[01:06:59.241] Pipe msg received
[01:07:03.140] Pipe msg received
[01:07:09.640] Pipe msg received
[01:07:13.542] Pipe msg received
[01:07:18.741] Pipe msg received
[01:07:22.642] Pipe msg received
[01:07:24.563] Pipe msg received
[01:07:24.564] Pipe msg received
[01:07:25.831] Pipe msg received
[01:07:30.464] Pipe msg received
[01:07:30.466] Pipe msg received
[01:07:33.647] Pipe msg received
[01:07:33.648] Pipe msg received
[01:07:35.668] Pipe msg received
[01:07:35.671] Pipe msg received
[01:07:36.274] Pipe msg received
[01:07:38.846] Pipe msg received
[01:07:38.847] Pipe msg received
[01:07:39.542] Pipe msg received
[01:07:41.433] Pipe msg received
[01:07:42.146] Pipe msg received
[01:07:43.473] Pipe msg received
[01:07:43.474] Pipe msg received
[01:07:48.645] Pipe msg received
[01:07:50.533] Pipe msg received
[01:07:52.542] Pipe msg received
[01:07:53.844] Pipe msg received
[01:07:56.470] Pipe msg received
[01:07:56.470] Pipe msg received
[01:07:57.748] Pipe msg received
[01:07:58.334] Pipe msg received
[01:07:59.665] Pipe msg received
[01:08:00.949] Pipe msg received
[01:08:02.252] Pipe msg received
[01:08:02.975] Pipe msg received
[01:08:02.975] Pipe msg received
[01:08:02.976] Pipe msg received
[01:08:04.869] Pipe msg received
[01:08:05.545] Pipe msg received
[01:08:09.466] Pipe msg received
[01:08:09.467] Pipe msg received
[01:08:10.744] Pipe msg received
[01:08:13.935] Pipe msg received
[01:08:14.643] Pipe msg received
[01:08:15.259] Pipe msg received
[01:08:16.562] Pipe msg received
[01:08:16.563] Pipe msg received
[01:08:17.243] Pipe msg received
[01:08:17.832] Pipe msg received
[01:08:18.542] Pipe msg received
[01:08:19.134] Pipe msg received
[01:08:19.882] Pipe msg received
[01:08:19.883] Pipe msg received
[01:08:19.883] Pipe msg received
[01:08:19.884] Pipe msg received
[01:08:20.474] Pipe msg received
[01:08:20.476] Pipe msg received
[01:08:21.169] Pipe msg received
[01:08:21.170] Pipe msg received
[01:08:21.736] Pipe msg received
[01:08:23.044] Pipe msg received
[01:08:23.744] Pipe msg received
[01:08:25.068] Pipe msg received
[01:08:25.071] Pipe msg received
[01:08:25.665] Pipe msg received
[01:08:25.665] Pipe msg received
[01:08:25.666] Pipe msg received
[01:08:26.386] Pipe msg received
[01:08:26.387] Pipe msg received
[01:08:26.388] Pipe msg received
[01:08:26.389] Pipe msg received
[01:08:26.950] Pipe msg received
[01:08:26.950] Pipe msg received
[01:08:28.943] Pipe msg received
[01:08:29.577] Pipe msg received
[01:08:30.248] Pipe msg received
[01:08:30.859] Pipe msg received
[01:08:30.860] Pipe msg received
[01:08:30.861] Pipe msg received
[01:08:31.545] Pipe msg received
[01:08:32.133] Pipe msg received
[01:08:32.843] Pipe msg received
[01:08:33.452] Pipe msg received
[01:08:33.453] Pipe msg received
[01:08:34.147] Pipe msg received
[01:08:34.765] Pipe msg received
[01:08:34.766] Pipe msg received
[01:08:34.767] Pipe msg received
[01:08:36.048] Pipe msg received
[01:08:38.073] Pipe msg received
[01:08:38.074] Pipe msg received
[01:08:38.075] Pipe msg received
[01:08:38.685] Pipe msg received
[01:08:38.685] Pipe msg received
[01:08:39.373] Pipe msg received
[01:08:39.373] Pipe msg received
[01:08:39.374] Pipe msg received
[01:08:39.950] Pipe msg received
[01:08:40.669] Pipe msg received
[01:08:40.671] Pipe msg received
[01:08:41.237] Pipe msg received
[01:08:41.949] Pipe msg received
[01:08:42.551] Pipe msg received
[01:08:42.554] Pipe msg received
[01:08:43.857] Pipe msg received
[01:08:44.543] Pipe msg received
[01:08:47.178] Pipe msg received
[01:08:47.178] Pipe msg received
[01:08:47.179] Pipe msg received
[01:08:49.054] Pipe msg received
[01:08:50.337] Pipe msg received
[01:08:51.668] Pipe msg received
[01:08:52.369] Pipe msg received
[01:08:52.370] Pipe msg received
[01:08:52.371] Pipe msg received
[01:08:52.939] Pipe msg received
[01:08:54.265] Pipe msg received
[01:08:54.985] Pipe msg received
[01:08:54.987] Pipe msg received
[01:08:54.987] Pipe msg received
[01:08:55.565] Pipe msg received
[01:08:56.245] Pipe msg received
[01:08:58.139] Pipe msg received
[01:08:58.845] Pipe msg received
[01:08:59.452] Pipe msg received
[01:08:59.453] Pipe msg received
[01:09:00.752] Pipe msg received
[01:09:01.444] Pipe msg received
[01:09:04.067] Pipe msg received
[01:09:04.068] Pipe msg received
[01:09:04.651] Pipe msg received
[01:09:05.345] Pipe msg received
[01:09:06.645] Pipe msg received
[01:09:08.551] Pipe msg received
[01:09:09.262] Pipe msg received
[01:09:09.263] Pipe msg received
[01:09:09.852] Pipe msg received
[01:09:11.170] Pipe msg received
[01:09:11.869] Pipe msg received
[01:09:11.870] Pipe msg received
[01:09:11.871] Pipe msg received
[01:09:12.435] Pipe msg received
[01:09:13.145] Pipe msg received
[01:09:13.756] Pipe msg received
[01:09:13.757] Pipe msg received
[01:09:14.445] Pipe msg received
[01:09:15.764] Pipe msg received
[01:09:15.765] Pipe msg received
[01:09:17.638] Pipe msg received
[01:09:19.669] Pipe msg received
[01:09:19.669] Pipe msg received
[01:09:20.945] Pipe msg received
[01:09:21.587] Pipe msg received
[01:09:22.273] Pipe msg received
[01:09:22.274] Pipe msg received
[01:09:24.165] Pipe msg received
[01:09:24.166] Pipe msg received
[01:09:26.755] Pipe msg received
[01:09:26.755] Pipe msg received
[01:09:27.444] Pipe msg received
[01:09:29.388] Pipe msg received
[01:09:29.388] Pipe msg received
[01:09:35.248] Pipe msg received
[01:09:37.211] Pipe msg received
[01:09:42.353] Pipe msg received
[01:09:42.354] Pipe msg received
[01:09:44.963] Pipe msg received
[01:09:44.964] Pipe msg received
[01:09:44.966] Pipe msg received
[01:09:48.856] Pipe msg received
[01:09:50.156] Pipe msg received
[01:09:50.156] Pipe msg received
[01:09:50.846] Pipe msg received
[01:09:55.356] Pipe msg received
[01:10:03.226] Pipe msg received
[01:10:04.441] Pipe msg received
[01:10:06.451] Pipe msg received
[01:10:08.339] Pipe msg received
[01:10:13.575] Pipe msg received
[01:10:17.440] Pipe msg received
[01:10:32.449] Pipe msg received
[01:10:35.643] Pipe msg received
[01:10:58.450] Pipe msg received
[01:11:10.149] Pipe msg received
[01:11:24.451] Pipe msg received
[01:11:32.250] Pipe msg received
[01:11:32.859] Pipe msg received
[01:11:41.351] Pipe msg received
[01:11:59.552] Pipe msg received
[01:12:06.052] Pipe msg received
[01:12:06.665] Pipe msg received
[01:12:08.669] Pipe msg received
[01:12:08.672] Pipe msg received
[01:12:13.149] Pipe msg received
[01:12:25.550] Pipe msg received
[01:12:30.071] Pipe msg received
[01:12:32.053] Pipe msg received
[01:12:33.967] Pipe msg received
[01:12:37.260] Pipe msg received
[01:12:38.550] Pipe msg received
[01:12:41.152] Pipe msg received
[01:12:47.653] Pipe msg received
[01:12:48.951] Pipe msg received
[01:12:52.151] Pipe msg received
[01:13:00.674] Pipe msg received
[01:13:00.675] Pipe msg received
[01:13:20.152] Pipe msg received
[01:13:36.405] Pipe msg received
[01:13:40.952] Pipe msg received
[01:13:42.853] Pipe msg received
[01:13:43.559] Pipe msg received
[01:13:44.854] Pipe msg received
[01:13:53.955] Pipe msg received
[01:13:54.593] Pipe msg received
[01:13:57.878] Pipe msg received
[01:13:57.881] Pipe msg received
[01:13:59.754] Pipe msg received
[01:14:07.557] Pipe msg received
[01:14:10.854] Pipe msg received
[01:14:11.457] Pipe msg received
[01:14:25.169] Pipe msg received
[01:14:41.374] Pipe msg received
[01:14:47.257] Pipe msg received
[01:14:56.356] Pipe msg received
[01:15:04.760] Pipe msg received
[01:15:05.460] Pipe msg received
[01:15:10.654] Pipe msg received
[01:15:13.878] Pipe msg received
[01:15:14.559] Pipe msg received
[01:15:19.068] Pipe msg received
[01:15:21.055] Pipe msg received
[01:15:28.244] Pipe msg received
[01:15:34.066] Pipe msg received
[01:15:38.605] Pipe msg received
[01:15:39.255] Pipe msg received
[01:15:47.662] Pipe msg received
[01:15:48.356] Pipe msg received
[01:15:49.659] Pipe msg received
[01:15:53.560] Pipe msg received
[01:15:59.367] Pipe msg received
[01:16:01.974] Pipe msg received
[01:16:02.660] Pipe msg received
[01:16:03.956] Pipe msg received
[01:16:15.656] Pipe msg received
[01:16:22.160] Pipe msg received
[01:16:24.069] Pipe msg received
[01:16:28.008] Pipe msg received
[01:16:49.461] Pipe msg received
[01:16:51.409] Pipe msg received
[01:17:02.457] Pipe msg received
[01:17:11.561] Pipe msg received
[01:17:14.768] Pipe msg received
[01:18:49.707] Pipe msg received
[01:18:49.708] Pipe msg received
[01:18:52.959] Pipe msg received
[01:18:58.805] Pipe msg received
[01:19:05.967] Pipe msg received
[01:19:10.542] Pipe msg received
[01:19:20.906] Pipe msg received
[01:19:24.164] Pipe msg received
[01:19:26.124] Pipe msg received
[01:19:36.576] Pipe msg received
[01:19:37.162] Pipe msg received
[01:19:39.129] Pipe msg received
[01:19:39.761] Pipe msg received
[01:19:41.707] Pipe msg received
[01:19:44.344] Pipe msg received
[01:19:46.925] Pipe msg received
[01:19:46.926] Pipe msg received
[01:19:48.197] Pipe msg received
[01:19:50.165] Pipe msg received
[01:19:50.796] Pipe msg received
[01:19:56.663] Pipe msg received
[01:19:57.331] Pipe msg received
[01:19:57.332] Pipe msg received
[01:19:57.335] Pipe msg received
[01:19:57.964] Pipe msg received
[01:19:59.278] Pipe msg received
[01:19:59.279] Pipe msg received
[01:19:59.913] Pipe msg received
[01:19:59.914] Pipe msg received
[01:20:01.220] Pipe msg received
[01:20:01.221] Pipe msg received
[01:20:03.171] Pipe msg received
[01:20:03.830] Pipe msg received
[01:20:03.831] Pipe msg received
[01:20:05.106] Pipe msg received
[01:20:06.423] Pipe msg received
[01:20:06.424] Pipe msg received
[01:20:07.696] Pipe msg received
[01:20:09.020] Pipe msg received
[01:20:09.021] Pipe msg received
[01:20:09.022] Pipe msg received
[01:20:10.965] Pipe msg received
[01:20:14.201] Pipe msg received
[01:20:14.881] Pipe msg received
[01:20:14.881] Pipe msg received
[01:20:16.797] Pipe msg received
[01:20:17.463] Pipe msg received
[01:20:18.129] Pipe msg received
[01:20:18.130] Pipe msg received
[01:20:22.014] Pipe msg received
[01:20:22.015] Pipe msg received
[01:20:23.344] Pipe msg received
[01:20:25.264] Pipe msg received
[01:20:27.874] Pipe msg received
[01:20:28.527] Pipe msg received
[01:20:30.464] Pipe msg received
[01:20:31.121] Pipe msg received
[01:20:32.403] Pipe msg received
[01:20:34.361] Pipe msg received
[01:23:49.411] Pipe msg received
[01:23:49.412] Pipe msg received
[01:23:50.668] Pipe msg received
[01:23:51.971] Pipe msg received
[01:23:55.886] Pipe msg received
[01:23:57.191] Pipe msg received
[01:23:59.788] Pipe msg received
[01:23:59.790] Pipe msg received
[01:24:01.070] Pipe msg received
[01:24:19.913] Pipe msg received
[01:24:29.042] Pipe msg received
[01:24:30.342] Pipe msg received
[01:24:32.917] Pipe msg received
[01:27:02.428] Pipe msg received
[01:27:03.724] Pipe msg received
[01:27:05.085] Pipe msg received
[01:27:06.337] Pipe msg received
[01:27:06.339] Pipe msg received
[01:27:08.926] Pipe msg received
[01:27:10.249] Pipe msg received
[01:27:10.252] Pipe msg received
[01:27:11.526] Pipe msg received
[01:27:12.880] Pipe msg received
[13:26:21.733] OnSourceInitialized start
[13:26:21.734] HWND=524306
[13:26:21.735] GWL_EXSTYLE before: 0x00080008
[13:26:21.736] GWL_EXSTYLE after: 0x080800A8
[13:26:21.737] Screen 0: {X=0,Y=0,Width=2560,Height=1440}
[13:26:21.741] Engine+Renderer OK
[13:26:21.742] Pipe client starting
[13:26:21.742] OnSourceInitialized OK
[13:26:22.050] Pipe connected event
[13:26:25.241] Pipe msg received
[13:26:25.270] Pipe msg received
[13:26:26.538] Pipe msg received
[13:26:30.473] Pipe msg received
[13:26:31.759] Pipe msg received
[13:26:31.760] Pipe msg received
[13:26:34.371] Pipe msg received
[13:26:35.670] Pipe msg received
[13:26:36.971] Pipe msg received
[13:26:38.286] Pipe msg received
[13:26:38.287] Pipe msg received
[13:26:40.876] Pipe msg received
[13:26:43.474] Pipe msg received
[13:26:44.793] Pipe msg received
[13:26:44.794] Pipe msg received
[13:26:47.354] Pipe msg received
[13:26:48.672] Pipe msg received
[13:26:51.254] Pipe msg received
[13:26:51.255] Pipe msg received
[13:26:51.296] Pipe msg received
[13:26:51.297] Pipe msg received
[13:26:51.298] Pipe msg received
[13:26:53.886] Pipe msg received
[13:26:53.886] Pipe msg received
[13:26:54.596] Pipe msg received
[13:26:55.111] Pipe msg received
[13:26:55.192] Pipe msg received
[13:26:55.193] Pipe msg received
[13:26:56.464] Pipe msg received
[13:26:56.465] Pipe msg received
[13:26:57.753] Pipe msg received
[13:26:57.774] Pipe msg received
[13:26:59.071] Pipe msg received
[13:27:00.349] Pipe msg received
[13:27:00.371] Pipe msg received
[13:27:01.673] Pipe msg received
[13:27:02.936] Pipe msg received
[13:27:02.937] Pipe msg received
[13:27:04.219] Pipe msg received
[13:27:04.273] Pipe msg received
[13:27:06.890] Pipe msg received
[13:27:06.891] Pipe msg received
[13:27:08.172] Pipe msg received
[13:27:10.740] Pipe msg received
[13:27:13.372] Pipe msg received
[13:27:14.661] Pipe msg received
[13:27:14.670] Pipe msg received
[13:27:18.559] Pipe msg received
[13:27:19.845] Pipe msg received
[13:27:19.871] Pipe msg received
[13:27:22.471] Pipe msg received
[13:27:32.847] Pipe msg received
[13:27:32.848] Pipe msg received
[13:27:34.157] Pipe msg received
[13:27:35.414] Pipe msg received
[13:27:35.473] Pipe msg received
[13:27:36.775] Pipe msg received
[13:27:41.942] Pipe msg received
[13:27:43.237] Pipe msg received
[13:27:43.238] Pipe msg received
[13:27:43.276] Pipe msg received
[13:27:45.837] Pipe msg received
[13:27:47.172] Pipe msg received
[13:27:48.433] Pipe msg received
[13:27:49.746] Pipe msg received
[13:27:51.076] Pipe msg received
[13:27:52.374] Pipe msg received
[13:27:54.950] Pipe msg received
[13:27:54.974] Pipe msg received
[13:27:57.541] Pipe msg received
[13:27:57.597] Pipe msg received
[13:27:57.598] Pipe msg received
[13:27:58.858] Pipe msg received
[13:27:58.889] Pipe msg received
[13:28:01.425] Pipe msg received
[13:28:01.477] Pipe msg received
[13:28:05.376] Pipe msg received
[13:28:06.675] Pipe msg received
[13:28:07.977] Pipe msg received
[13:28:09.250] Pipe msg received
[13:28:10.577] Pipe msg received
[13:28:11.872] Pipe msg received
[13:28:11.896] Pipe msg received
[13:28:11.897] Pipe msg received
[13:28:13.125] Pipe msg received
[13:28:14.435] Pipe msg received
[13:28:14.436] Pipe msg received
[13:28:15.754] Pipe msg received
[13:28:15.801] Pipe msg received
[13:28:15.801] Pipe msg received
[13:28:17.040] Pipe msg received
[13:28:17.040] Pipe msg received
[13:28:17.097] Pipe msg received
[13:28:17.097] Pipe msg received
[13:28:18.343] Pipe msg received
[13:28:18.412] Pipe msg received
[13:28:18.414] Pipe msg received
[13:28:18.416] Pipe msg received
[13:28:18.416] Pipe msg received
[13:28:19.679] Pipe msg received
[13:28:20.911] Pipe msg received
[13:28:20.976] Pipe msg received
[13:28:22.301] Pipe msg received
[13:28:22.302] Pipe msg received
[13:28:22.302] Pipe msg received
[13:28:23.537] Pipe msg received
[13:28:23.578] Pipe msg received
[13:28:24.875] Pipe msg received
[13:28:24.879] Pipe msg received
[13:28:24.880] Pipe msg received
[13:28:24.900] Pipe msg received
[13:28:26.158] Pipe msg received
[13:28:27.472] Pipe msg received
[13:28:27.490] Pipe msg received
[13:28:28.775] Pipe msg received
[13:28:30.050] Pipe msg received
[13:28:30.074] Pipe msg received
[13:28:31.333] Pipe msg received
[13:28:31.334] Pipe msg received
[13:28:32.676] Pipe msg received
[13:28:32.679] Pipe msg received
[13:28:32.690] Pipe msg received
[13:28:33.992] Pipe msg received
[13:28:35.245] Pipe msg received
[13:28:35.247] Pipe msg received
[13:28:37.849] Pipe msg received
[13:28:39.148] Pipe msg received
[13:28:40.496] Pipe msg received
[13:28:40.497] Pipe msg received
[13:28:43.074] Pipe msg received
[13:28:44.349] Pipe msg received
[13:28:44.384] Pipe msg received
[13:28:45.631] Pipe msg received
[13:28:45.678] Pipe msg received
[13:28:46.941] Pipe msg received
[13:28:46.942] Pipe msg received
[13:28:48.240] Pipe msg received
[13:28:48.241] Pipe msg received
[13:28:49.601] Pipe msg received
[13:28:49.601] Pipe msg received
[13:28:50.878] Pipe msg received
[13:28:52.207] Pipe msg received
[13:28:52.207] Pipe msg received
[13:28:53.431] Pipe msg received
[13:28:53.495] Pipe msg received
[13:28:53.496] Pipe msg received
[13:28:54.728] Pipe msg received
[13:28:54.775] Pipe msg received
[13:28:56.082] Pipe msg received
[13:29:02.545] Pipe msg received
[13:29:02.546] Pipe msg received
[13:29:02.575] Pipe msg received
[13:29:03.906] Pipe msg received
[13:29:03.909] Pipe msg received
[13:29:03.911] Pipe msg received
[13:29:03.911] Pipe msg received
[13:29:05.181] Pipe msg received
[13:29:06.457] Pipe msg received
[13:29:06.500] Pipe msg received
[13:29:06.501] Pipe msg received
[13:29:09.057] Pipe msg received
[13:29:12.936] Pipe msg received
[13:29:12.976] Pipe msg received
[13:29:15.558] Pipe msg received
[13:29:18.174] Pipe msg received
[13:29:22.110] Pipe msg received
[13:29:22.110] Pipe msg received
[13:29:22.111] Pipe msg received
[13:29:24.680] Pipe msg received
[13:29:25.301] Pipe msg received
[13:29:27.236] Pipe msg received
[13:29:29.840] Pipe msg received
[13:29:29.841] Pipe msg received
[13:29:31.133] Pipe msg received
[13:29:33.775] Pipe msg received
[13:29:36.375] Pipe msg received
[13:29:37.689] Pipe msg received
[13:29:44.178] Pipe msg received
[13:29:45.475] Pipe msg received
[13:29:46.160] Pipe msg received
[13:29:46.758] Pipe msg received
[13:29:49.376] Pipe msg received
[13:29:50.672] Pipe msg received
[13:29:51.934] Pipe msg received
[13:29:51.979] Pipe msg received
[13:29:53.276] Pipe msg received
[13:29:54.581] Pipe msg received
[13:29:57.195] Pipe msg received
[13:29:58.492] Pipe msg received
[13:29:58.493] Pipe msg received
[13:29:59.737] Pipe msg received
[13:30:03.678] Pipe msg received
[13:30:06.237] Pipe msg received
[13:30:06.278] Pipe msg received
[13:30:07.548] Pipe msg received
[13:30:08.836] Pipe msg received
[13:30:08.838] Pipe msg received
[13:30:08.877] Pipe msg received
[13:30:11.450] Pipe msg received
[13:30:11.450] Pipe msg received
[13:30:11.507] Pipe msg received
[13:30:11.509] Pipe msg received
[13:30:11.509] Pipe msg received
[13:30:12.746] Pipe msg received
[13:30:12.746] Pipe msg received
[13:30:12.748] Pipe msg received
[13:30:14.052] Pipe msg received
[13:30:14.052] Pipe msg received
[13:30:14.077] Pipe msg received
[13:30:15.349] Pipe msg received
[13:30:15.349] Pipe msg received
[13:30:15.350] Pipe msg received
[13:30:15.396] Pipe msg received
[13:30:15.396] Pipe msg received
[13:30:17.940] Pipe msg received
[13:30:17.940] Pipe msg received
[13:30:18.000] Pipe msg received
[13:30:18.002] Pipe msg received
[13:30:19.275] Pipe msg received
[13:30:20.536] Pipe msg received
[13:30:21.866] Pipe msg received
[13:30:21.867] Pipe msg received
[13:30:21.883] Pipe msg received
[13:30:23.176] Pipe msg received
[13:30:24.418] Pipe msg received
[13:30:24.481] Pipe msg received
[13:30:25.747] Pipe msg received
[13:30:25.789] Pipe msg received
[13:30:27.103] Pipe msg received
[13:30:27.104] Pipe msg received
[13:30:28.375] Pipe msg received
[13:30:29.693] Pipe msg received
[13:30:29.694] Pipe msg received
[13:30:32.263] Pipe msg received
[13:30:32.264] Pipe msg received
[13:30:32.294] Pipe msg received
[13:30:32.295] Pipe msg received
[13:30:33.564] Pipe msg received
[13:30:33.565] Pipe msg received
[13:30:33.580] Pipe msg received
[13:30:34.851] Pipe msg received
[13:30:34.880] Pipe msg received
[13:30:36.150] Pipe msg received
[13:30:36.178] Pipe msg received
[13:30:37.454] Pipe msg received
[13:30:37.507] Pipe msg received
[13:30:37.507] Pipe msg received
[13:30:40.045] Pipe msg received
[13:30:41.331] Pipe msg received
[13:30:41.408] Pipe msg received
[13:30:41.408] Pipe msg received
[13:30:41.409] Pipe msg received
[13:30:42.680] Pipe msg received
[13:30:45.277] Pipe msg received
[13:30:49.203] Pipe msg received
[13:30:49.204] Pipe msg received
[13:30:49.205] Pipe msg received
[13:30:50.444] Pipe msg received
[13:30:51.751] Pipe msg received
[13:30:53.078] Pipe msg received
[13:30:54.335] Pipe msg received
[13:30:54.392] Pipe msg received
[13:30:54.393] Pipe msg received
[13:30:59.578] Pipe msg received
[13:31:00.841] Pipe msg received
[13:31:00.842] Pipe msg received
[13:31:03.477] Pipe msg received
[13:31:04.761] Pipe msg received
[13:31:04.800] Pipe msg received
[13:31:04.801] Pipe msg received
[13:31:06.036] Pipe msg received
[13:31:07.370] Pipe msg received
[13:31:09.948] Pipe msg received
[13:31:09.980] Pipe msg received
[13:31:11.282] Pipe msg received
[13:31:21.678] Pipe msg received
[13:31:25.561] Pipe msg received
[13:31:25.579] Pipe msg received
[13:31:28.181] Pipe msg received
[13:31:30.742] Pipe msg received
[13:31:30.743] Pipe msg received
[13:31:30.746] Pipe msg received
[13:31:30.784] Pipe msg received
[13:31:33.397] Pipe msg received
[13:31:33.397] Pipe msg received
[13:31:35.919] Pipe msg received
[13:31:39.877] Pipe msg received
[13:31:41.156] Pipe msg received
[13:31:41.157] Pipe msg received
[13:31:41.178] Pipe msg received
[13:31:42.489] Pipe msg received
[13:31:46.356] Pipe msg received
[13:31:46.384] Pipe msg received
[13:31:47.642] Pipe msg received
[13:31:48.940] Pipe msg received
[13:31:48.984] Pipe msg received
[13:31:50.304] Pipe msg received
[13:31:50.305] Pipe msg received
[13:31:50.305] Pipe msg received
[13:31:51.555] Pipe msg received
[13:31:51.583] Pipe msg received
[13:31:54.144] Pipe msg received
[13:31:54.193] Pipe msg received
[13:31:56.778] Pipe msg received
[13:31:58.071] Pipe msg received
[13:31:58.073] Pipe msg received
[13:31:58.082] Pipe msg received
[13:31:59.369] Pipe msg received
[13:31:59.370] Pipe msg received
[13:31:59.401] Pipe msg received
[13:31:59.402] Pipe msg received
[13:32:00.660] Pipe msg received
[13:32:00.660] Pipe msg received
[13:32:01.935] Pipe msg received
[13:32:02.013] Pipe msg received
[13:32:02.014] Pipe msg received
[13:32:04.579] Pipe msg received
[13:32:04.596] Pipe msg received
[13:32:04.597] Pipe msg received
[13:32:05.880] Pipe msg received
[13:32:09.714] Pipe msg received
[13:32:11.064] Pipe msg received
[13:32:11.065] Pipe msg received
[13:32:11.067] Pipe msg received
[13:32:12.379] Pipe msg received
[13:32:13.627] Pipe msg received
[13:32:13.628] Pipe msg received
[13:32:13.687] Pipe msg received
[13:32:18.835] Pipe msg received
[13:32:18.836] Pipe msg received
[13:32:18.900] Pipe msg received
[13:32:18.901] Pipe msg received
[13:32:20.182] Pipe msg received
[13:32:21.440] Pipe msg received
[13:32:21.440] Pipe msg received
[13:32:21.505] Pipe msg received
[13:32:21.506] Pipe msg received
[13:32:22.795] Pipe msg received
[13:32:25.357] Pipe msg received
[13:32:25.358] Pipe msg received
[13:32:33.150] Pipe msg received
[13:32:35.784] Pipe msg received
[13:32:40.969] Pipe msg received
[13:32:40.970] Pipe msg received
[13:32:40.985] Pipe msg received
[13:32:47.482] Pipe msg received
[13:32:48.758] Pipe msg received
[13:32:51.328] Pipe msg received
[13:32:51.329] Pipe msg received
[13:32:51.381] Pipe msg received
[13:32:52.633] Pipe msg received
[13:32:52.682] Pipe msg received
[13:32:53.982] Pipe msg received
[13:32:55.266] Pipe msg received
[13:32:55.266] Pipe msg received
[13:32:55.267] Pipe msg received
[13:32:55.267] Pipe msg received
[13:32:55.268] Pipe msg received
[13:32:55.319] Pipe msg received
[13:32:55.320] Pipe msg received
[13:32:55.321] Pipe msg received
[13:32:56.543] Pipe msg received
[13:32:56.544] Pipe msg received
[13:32:56.545] Pipe msg received
[13:32:56.621] Pipe msg received
[13:32:56.622] Pipe msg received
[13:32:56.625] Pipe msg received
[13:32:56.626] Pipe msg received
[13:32:57.873] Pipe msg received
[13:32:57.874] Pipe msg received
[13:32:57.874] Pipe msg received
[13:32:57.874] Pipe msg received
[13:32:57.937] Pipe msg received
[13:32:57.938] Pipe msg received
[13:32:57.939] Pipe msg received
[13:32:59.145] Pipe msg received
[13:32:59.146] Pipe msg received
[13:32:59.147] Pipe msg received
[13:32:59.200] Pipe msg received
[13:32:59.200] Pipe msg received
[13:33:01.783] Pipe msg received
[13:33:03.039] Pipe msg received
[13:33:03.041] Pipe msg received
[13:33:03.041] Pipe msg received
[13:33:04.385] Pipe msg received
[13:33:05.700] Pipe msg received
[13:33:05.701] Pipe msg received
[13:33:06.966] Pipe msg received
[13:33:06.967] Pipe msg received
[13:33:06.968] Pipe msg received
[13:33:06.980] Pipe msg received
[13:33:08.236] Pipe msg received
[13:33:08.285] Pipe msg received
[13:33:12.166] Pipe msg received
[13:33:12.180] Pipe msg received
[13:33:13.500] Pipe msg received
[13:33:16.045] Pipe msg received
[13:33:16.046] Pipe msg received
[13:33:16.046] Pipe msg received
[13:33:16.122] Pipe msg received
[13:33:16.124] Pipe msg received
[13:33:16.125] Pipe msg received
[13:33:16.125] Pipe msg received
[13:33:17.359] Pipe msg received
[13:33:17.360] Pipe msg received
[13:33:17.360] Pipe msg received
[13:33:18.644] Pipe msg received
[13:33:18.681] Pipe msg received
[13:33:19.956] Pipe msg received
[13:33:21.273] Pipe msg received
[13:33:22.540] Pipe msg received
[13:33:22.596] Pipe msg received
[13:33:23.839] Pipe msg received
[13:33:25.184] Pipe msg received
[13:33:26.491] Pipe msg received
[13:33:29.082] Pipe msg received
[13:33:30.370] Pipe msg received
[13:33:31.687] Pipe msg received
[13:33:32.938] Pipe msg received
[13:33:34.241] Pipe msg received
[13:33:34.242] Pipe msg received
[13:33:34.283] Pipe msg received
[13:33:35.595] Pipe msg received
[13:33:39.447] Pipe msg received
[13:33:40.723] Pipe msg received
[13:33:42.050] Pipe msg received
[13:33:43.382] Pipe msg received
[13:33:47.229] Pipe msg received
[13:33:47.311] Pipe msg received
[13:33:47.311] Pipe msg received
[13:33:47.312] Pipe msg received
[13:33:48.604] Pipe msg received
[13:33:48.605] Pipe msg received
[13:33:49.846] Pipe msg received
[13:33:49.847] Pipe msg received
[13:33:51.145] Pipe msg received
[13:33:51.209] Pipe msg received
[13:33:51.209] Pipe msg received
[13:33:52.454] Pipe msg received
[13:33:52.455] Pipe msg received
[13:33:53.767] Pipe msg received
[13:33:53.768] Pipe msg received
[13:33:55.029] Pipe msg received
[13:33:55.029] Pipe msg received
[13:33:55.083] Pipe msg received
[13:33:56.360] Pipe msg received
[13:33:56.411] Pipe msg received
[13:33:56.412] Pipe msg received
[13:33:58.956] Pipe msg received
[13:33:59.005] Pipe msg received
[13:33:59.006] Pipe msg received
[13:34:00.241] Pipe msg received
[13:34:00.286] Pipe msg received
[13:34:00.288] Pipe msg received
[13:34:01.518] Pipe msg received
[13:34:02.894] Pipe msg received
[13:34:02.897] Pipe msg received
[13:34:02.898] Pipe msg received
[13:34:04.183] Pipe msg received
[13:34:05.456] Pipe msg received
[13:34:05.457] Pipe msg received
[13:34:05.458] Pipe msg received
[13:34:05.486] Pipe msg received
[13:34:06.746] Pipe msg received
[13:34:06.783] Pipe msg received
[13:34:08.116] Pipe msg received
[13:34:08.116] Pipe msg received
[13:34:08.117] Pipe msg received
[13:34:09.316] Pipe msg received
[13:34:10.663] Pipe msg received
[13:34:10.664] Pipe msg received
[13:34:13.247] Pipe msg received
[13:34:13.283] Pipe msg received
[13:34:15.845] Pipe msg received
[13:34:15.848] Pipe msg received
[13:34:15.918] Pipe msg received
[13:34:15.919] Pipe msg received
[13:34:17.149] Pipe msg received
[13:34:17.150] Pipe msg received
[13:34:18.449] Pipe msg received
[13:34:19.743] Pipe msg received
[13:34:19.744] Pipe msg received
[13:34:19.798] Pipe msg received
[13:34:19.799] Pipe msg received
[13:34:21.042] Pipe msg received
[13:34:21.085] Pipe msg received
[13:34:22.424] Pipe msg received
[13:34:22.425] Pipe msg received
[13:34:22.426] Pipe msg received
[13:34:22.426] Pipe msg received
[13:34:23.654] Pipe msg received
[13:34:23.686] Pipe msg received
[13:34:24.961] Pipe msg received
[13:34:24.962] Pipe msg received
[13:34:24.963] Pipe msg received
[13:34:24.965] Pipe msg received
[13:34:24.983] Pipe msg received
[13:34:26.245] Pipe msg received
[13:34:26.246] Pipe msg received
[13:34:26.305] Pipe msg received
[13:34:26.307] Pipe msg received
[13:34:27.552] Pipe msg received
[13:34:27.602] Pipe msg received
[13:34:27.603] Pipe msg received
[13:34:28.850] Pipe msg received
[13:34:28.850] Pipe msg received
[13:34:28.909] Pipe msg received
[13:34:28.910] Pipe msg received
[13:34:30.175] Pipe msg received
[13:34:30.175] Pipe msg received
[13:34:30.176] Pipe msg received
[13:34:30.226] Pipe msg received
[13:34:30.227] Pipe msg received
[13:34:30.227] Pipe msg received
[13:34:30.228] Pipe msg received
[13:34:31.479] Pipe msg received
[13:34:31.480] Pipe msg received
[13:34:32.778] Pipe msg received
[13:34:32.779] Pipe msg received
[13:34:32.779] Pipe msg received
[13:34:32.780] Pipe msg received
[13:34:32.780] Pipe msg received
[13:34:32.781] Pipe msg received
[13:34:32.816] Pipe msg received
[13:34:32.817] Pipe msg received
[13:34:32.818] Pipe msg received
[13:34:32.818] Pipe msg received
[13:34:34.052] Pipe msg received
[13:34:34.054] Pipe msg received
[13:34:34.108] Pipe msg received
[13:34:34.108] Pipe msg received
[13:34:35.373] Pipe msg received
[13:34:35.374] Pipe msg received
[13:34:35.374] Pipe msg received
[13:34:35.375] Pipe msg received
[13:34:35.407] Pipe msg received
[13:34:35.408] Pipe msg received
[13:34:36.729] Pipe msg received
[13:34:36.730] Pipe msg received
[13:34:36.730] Pipe msg received
[13:34:36.730] Pipe msg received
[13:34:36.731] Pipe msg received
[13:34:36.731] Pipe msg received
[13:34:37.948] Pipe msg received
[13:34:37.949] Pipe msg received
[13:34:37.949] Pipe msg received
[13:34:37.995] Pipe msg received
[13:34:39.252] Pipe msg received
[13:34:39.253] Pipe msg received
[13:34:39.253] Pipe msg received
[13:34:39.254] Pipe msg received
[13:34:39.287] Pipe msg received
[13:34:40.548] Pipe msg received
[13:34:40.549] Pipe msg received
[13:34:40.586] Pipe msg received
[13:34:41.852] Pipe msg received
[13:34:41.853] Pipe msg received
[13:34:41.883] Pipe msg received
[13:34:43.165] Pipe msg received
[13:34:43.165] Pipe msg received
[13:34:43.191] Pipe msg received
[13:34:44.444] Pipe msg received
[13:34:44.444] Pipe msg received
[13:34:44.447] Pipe msg received
[13:34:44.494] Pipe msg received
[13:34:47.086] Pipe msg received
[13:34:47.101] Pipe msg received
[13:34:47.102] Pipe msg received
[13:34:47.102] Pipe msg received
[13:34:47.102] Pipe msg received
[13:34:48.356] Pipe msg received
[13:34:48.382] Pipe msg received
[13:34:49.634] Pipe msg received
[13:34:50.971] Pipe msg received
[13:34:50.972] Pipe msg received
[13:34:51.019] Pipe msg received
[13:34:51.020] Pipe msg received
[13:34:51.020] Pipe msg received
[13:34:52.282] Pipe msg received
[13:34:52.283] Pipe msg received
[13:34:52.283] Pipe msg received
[13:34:52.305] Pipe msg received
[13:34:52.305] Pipe msg received
[13:34:53.576] Pipe msg received
[13:34:53.576] Pipe msg received
[13:34:53.577] Pipe msg received
[13:34:53.579] Pipe msg received
[13:34:53.579] Pipe msg received
[13:34:53.579] Pipe msg received
[13:34:53.580] Pipe msg received
[13:34:53.636] Pipe msg received
[13:34:53.637] Pipe msg received
[13:34:53.638] Pipe msg received
[13:34:53.638] Pipe msg received
[13:34:53.638] Pipe msg received
[13:34:54.902] Pipe msg received
[13:34:54.903] Pipe msg received
[13:34:54.919] Pipe msg received
[13:34:54.920] Pipe msg received
[13:34:54.922] Pipe msg received
[13:34:54.923] Pipe msg received
[13:34:54.924] Pipe msg received
[13:34:54.925] Pipe msg received
[13:34:54.927] Pipe msg received
[13:34:54.928] Pipe msg received
[13:34:54.928] Pipe msg received
[13:34:54.929] Pipe msg received
[13:34:54.929] Pipe msg received
[13:34:54.930] Pipe msg received
[13:34:56.251] Pipe msg received
[13:34:56.252] Pipe msg received
[13:34:56.252] Pipe msg received
[13:34:56.253] Pipe msg received
[13:34:56.253] Pipe msg received
[13:34:56.254] Pipe msg received
[13:34:56.254] Pipe msg received
[13:34:56.254] Pipe msg received
[13:34:56.255] Pipe msg received
[13:34:56.274] Pipe msg received
[13:34:56.275] Pipe msg received
[13:34:56.277] Pipe msg received
[13:34:56.278] Pipe msg received
[13:34:56.280] Pipe msg received
[13:34:56.283] Pipe msg received
[13:34:56.285] Pipe msg received
[13:34:56.285] Pipe msg received
[13:34:56.286] Pipe msg received
[13:34:57.464] Pipe msg received
[13:34:57.465] Pipe msg received
[13:34:57.465] Pipe msg received
[13:34:57.466] Pipe msg received
[13:34:57.467] Pipe msg received
[13:34:57.532] Pipe msg received
[13:34:57.532] Pipe msg received
[13:34:57.533] Pipe msg received
[13:34:57.533] Pipe msg received
[13:34:57.533] Pipe msg received
[13:34:58.748] Pipe msg received
[13:34:58.749] Pipe msg received
[13:34:58.749] Pipe msg received
[13:34:58.750] Pipe msg received
[13:34:58.750] Pipe msg received
[13:34:58.818] Pipe msg received
[13:34:58.819] Pipe msg received
[13:34:58.820] Pipe msg received
[13:34:58.820] Pipe msg received
[13:35:00.047] Pipe msg received
[13:35:00.106] Pipe msg received
[13:35:00.108] Pipe msg received
[13:35:01.376] Pipe msg received
[13:35:01.377] Pipe msg received
[13:35:01.377] Pipe msg received
[13:35:01.378] Pipe msg received
[13:35:01.379] Pipe msg received
[13:35:01.381] Pipe msg received
[13:35:01.384] Pipe msg received
[13:35:01.404] Pipe msg received
[13:35:01.405] Pipe msg received
[13:35:02.646] Pipe msg received
[13:35:02.646] Pipe msg received
[13:35:02.706] Pipe msg received
[13:35:02.707] Pipe msg received
[13:35:03.965] Pipe msg received
[13:35:03.966] Pipe msg received
[13:35:03.966] Pipe msg received
[13:35:03.967] Pipe msg received
[13:35:04.031] Pipe msg received
[13:35:04.033] Pipe msg received
[13:35:04.033] Pipe msg received
[13:35:04.034] Pipe msg received
[13:35:04.035] Pipe msg received
[13:35:04.035] Pipe msg received
[13:35:05.275] Pipe msg received
[13:35:05.276] Pipe msg received
[13:35:05.276] Pipe msg received
[13:35:05.285] Pipe msg received
[13:35:06.546] Pipe msg received
[13:35:06.546] Pipe msg received
[13:35:06.546] Pipe msg received
[13:35:07.908] Pipe msg received
[13:35:07.908] Pipe msg received
[13:35:07.909] Pipe msg received
[13:35:09.167] Pipe msg received
[13:35:09.170] Pipe msg received
[13:35:09.171] Pipe msg received
[13:35:09.188] Pipe msg received
[13:35:10.445] Pipe msg received
[13:35:10.446] Pipe msg received
[13:35:10.505] Pipe msg received
[13:35:10.506] Pipe msg received
[13:35:11.747] Pipe msg received
[13:35:11.748] Pipe msg received
[13:35:11.785] Pipe msg received
[13:35:13.108] Pipe msg received
[13:35:13.109] Pipe msg received
[13:35:14.339] Pipe msg received
[13:35:15.686] Pipe msg received
[13:35:15.691] Pipe msg received
[13:35:15.691] Pipe msg received
[13:35:16.970] Pipe msg received
[13:35:16.971] Pipe msg received
[13:35:16.971] Pipe msg received
[13:35:16.972] Pipe msg received
[13:35:16.972] Pipe msg received
[13:35:17.019] Pipe msg received
[13:35:17.021] Pipe msg received
[13:35:17.021] Pipe msg received
[13:35:18.261] Pipe msg received
[13:35:18.286] Pipe msg received
[13:35:19.615] Pipe msg received
[13:35:19.616] Pipe msg received
[13:35:19.616] Pipe msg received
[13:35:20.858] Pipe msg received
[13:35:22.138] Pipe msg received
[13:35:22.215] Pipe msg received
[13:35:22.216] Pipe msg received
[13:35:22.217] Pipe msg received
[13:35:23.508] Pipe msg received
[13:35:23.509] Pipe msg received
[13:35:23.510] Pipe msg received
[13:35:23.526] Pipe msg received
[13:35:23.527] Pipe msg received
[13:35:23.528] Pipe msg received
[13:35:24.802] Pipe msg received
[13:35:24.803] Pipe msg received
[13:35:26.071] Pipe msg received
[13:35:26.071] Pipe msg received
[13:35:26.072] Pipe msg received
[13:35:26.072] Pipe msg received
[13:35:26.073] Pipe msg received
[13:35:26.086] Pipe msg received
[13:35:27.320] Pipe msg received
[13:35:27.387] Pipe msg received
[13:35:28.647] Pipe msg received
[13:35:28.710] Pipe msg received
[13:35:28.710] Pipe msg received
[13:35:28.711] Pipe msg received
[13:35:29.952] Pipe msg received
[13:35:30.003] Pipe msg received
[13:35:31.272] Pipe msg received
[13:35:31.273] Pipe msg received
[13:35:31.273] Pipe msg received
[13:35:31.304] Pipe msg received
[13:35:31.305] Pipe msg received
[13:35:31.306] Pipe msg received
[13:35:32.586] Pipe msg received
[13:35:33.856] Pipe msg received
[13:35:35.119] Pipe msg received
[13:35:37.736] Pipe msg received
[13:35:39.043] Pipe msg received
[13:35:39.043] Pipe msg received
[13:35:41.656] Pipe msg received
[13:35:41.657] Pipe msg received
[13:35:41.691] Pipe msg received
[13:35:41.692] Pipe msg received
[13:35:43.006] Pipe msg received
[13:35:43.007] Pipe msg received
[13:35:44.302] Pipe msg received
[13:35:44.303] Pipe msg received
[13:35:46.854] Pipe msg received
[13:35:46.889] Pipe msg received
[13:35:48.164] Pipe msg received
[13:35:49.450] Pipe msg received
[13:35:49.501] Pipe msg received
[13:35:50.805] Pipe msg received
[13:35:50.806] Pipe msg received
[13:35:52.050] Pipe msg received
[13:35:52.051] Pipe msg received
[13:35:52.051] Pipe msg received
[13:35:52.052] Pipe msg received
[13:35:53.384] Pipe msg received
[13:35:54.634] Pipe msg received
[13:35:54.690] Pipe msg received
[13:35:55.956] Pipe msg received
[13:35:55.956] Pipe msg received
[13:35:55.957] Pipe msg received
[13:35:57.263] Pipe msg received
[13:35:57.263] Pipe msg received
[13:35:57.286] Pipe msg received
[13:35:58.550] Pipe msg received
[13:35:58.591] Pipe msg received
[13:35:59.908] Pipe msg received
[13:35:59.911] Pipe msg received
[13:36:01.143] Pipe msg received
[13:36:01.144] Pipe msg received
[13:36:01.211] Pipe msg received
[13:36:01.212] Pipe msg received
[13:36:02.450] Pipe msg received
[13:36:02.453] Pipe msg received
[13:36:03.738] Pipe msg received
[13:36:03.741] Pipe msg received
[13:36:05.102] Pipe msg received
[13:36:06.361] Pipe msg received
[13:36:06.384] Pipe msg received
[13:36:07.639] Pipe msg received
[13:36:10.285] Pipe msg received
[13:36:11.540] Pipe msg received
[13:36:11.611] Pipe msg received
[13:36:11.612] Pipe msg received
[13:36:12.856] Pipe msg received
[13:36:12.888] Pipe msg received
[13:36:14.134] Pipe msg received
[13:36:14.135] Pipe msg received
[13:36:15.482] Pipe msg received
[13:36:15.483] Pipe msg received
[13:36:15.484] Pipe msg received
[13:36:16.787] Pipe msg received
[13:36:18.060] Pipe msg received
[13:36:18.061] Pipe msg received
[13:36:18.061] Pipe msg received
[13:36:18.062] Pipe msg received
[13:36:18.088] Pipe msg received
[13:36:19.349] Pipe msg received
[13:36:19.351] Pipe msg received
[13:36:19.404] Pipe msg received
[13:36:19.405] Pipe msg received
[13:36:20.690] Pipe msg received
[13:36:21.938] Pipe msg received
[13:36:23.241] Pipe msg received
[13:36:23.300] Pipe msg received
[13:36:24.546] Pipe msg received
[13:36:24.606] Pipe msg received
[13:36:24.607] Pipe msg received
[13:36:27.167] Pipe msg received
[13:36:28.472] Pipe msg received
[13:36:28.487] Pipe msg received
[13:36:29.746] Pipe msg received
[13:36:31.072] Pipe msg received
[13:36:31.120] Pipe msg received
[13:36:31.120] Pipe msg received
[13:36:31.121] Pipe msg received
[13:36:32.340] Pipe msg received
[13:36:32.342] Pipe msg received
[13:36:32.387] Pipe msg received
[13:36:33.622] Pipe msg received
[13:36:34.941] Pipe msg received
[13:36:35.006] Pipe msg received
[13:36:35.007] Pipe msg received
[13:36:37.573] Pipe msg received
[13:36:37.574] Pipe msg received
[13:36:37.576] Pipe msg received
[13:36:37.576] Pipe msg received
[13:36:38.849] Pipe msg received
[13:36:38.890] Pipe msg received
[13:36:40.190] Pipe msg received
[13:36:40.191] Pipe msg received
[13:36:40.191] Pipe msg received
[13:36:41.423] Pipe msg received
[13:36:42.794] Pipe msg received
[13:36:42.794] Pipe msg received
[13:36:42.795] Pipe msg received
[13:36:42.795] Pipe msg received
[13:36:42.811] Pipe msg received
[13:36:42.812] Pipe msg received
[13:36:45.360] Pipe msg received
[13:36:45.361] Pipe msg received
[13:36:46.718] Pipe msg received
[13:36:46.719] Pipe msg received
[13:36:48.006] Pipe msg received
[13:36:48.007] Pipe msg received
[13:36:50.541] Pipe msg received
[13:36:50.604] Pipe msg received
[13:36:50.605] Pipe msg received
[13:36:51.859] Pipe msg received
[13:36:51.860] Pipe msg received
[13:36:51.889] Pipe msg received
[13:36:53.193] Pipe msg received
[13:36:53.194] Pipe msg received
[13:36:53.207] Pipe msg received
[13:36:53.207] Pipe msg received
[13:36:54.429] Pipe msg received
[13:36:54.489] Pipe msg received
[13:36:55.787] Pipe msg received
[13:36:57.037] Pipe msg received
[13:36:58.348] Pipe msg received
[13:36:58.348] Pipe msg received
[13:36:58.441] Pipe msg received
[13:36:58.442] Pipe msg received
[13:36:58.442] Pipe msg received
[13:36:59.653] Pipe msg received
[13:36:59.689] Pipe msg received
[13:37:00.928] Pipe msg received
[13:37:00.992] Pipe msg received
[13:37:04.898] Pipe msg received
[13:37:06.190] Pipe msg received
[13:37:07.444] Pipe msg received
[13:37:08.728] Pipe msg received
[13:37:11.343] Pipe msg received
[13:37:12.654] Pipe msg received
[13:37:13.950] Pipe msg received
[13:37:14.006] Pipe msg received
[13:37:15.289] Pipe msg received
[13:37:16.560] Pipe msg received
[13:37:16.562] Pipe msg received
[13:37:17.890] Pipe msg received
[13:37:20.422] Pipe msg received
[13:37:20.500] Pipe msg received
[13:37:23.094] Pipe msg received
[13:37:23.095] Pipe msg received
[13:37:24.346] Pipe msg received
[13:37:24.412] Pipe msg received
[13:37:24.412] Pipe msg received
[13:37:25.715] Pipe msg received
[13:37:25.716] Pipe msg received
[13:37:25.716] Pipe msg received
[13:37:26.976] Pipe msg received
[13:37:28.252] Pipe msg received
[13:37:28.298] Pipe msg received
[13:37:29.537] Pipe msg received
[13:37:29.539] Pipe msg received
[13:37:30.846] Pipe msg received
[13:37:30.922] Pipe msg received
[13:37:30.923] Pipe msg received
[13:37:30.924] Pipe msg received
[13:37:32.200] Pipe msg received
[13:37:32.201] Pipe msg received
[13:37:33.492] Pipe msg received
[13:37:34.785] Pipe msg received
[13:37:34.786] Pipe msg received
[13:37:34.806] Pipe msg received
[13:37:34.808] Pipe msg received
[13:37:36.099] Pipe msg received
[13:37:37.342] Pipe msg received
[13:37:37.410] Pipe msg received
[13:37:37.412] Pipe msg received
[13:37:37.412] Pipe msg received
[13:37:38.660] Pipe msg received
[13:37:38.661] Pipe msg received
[13:37:38.661] Pipe msg received
[13:37:39.956] Pipe msg received
[13:37:39.957] Pipe msg received
[13:37:39.957] Pipe msg received
[13:37:40.019] Pipe msg received
[13:37:40.020] Pipe msg received
[13:37:41.246] Pipe msg received
[13:37:41.288] Pipe msg received
[13:37:42.569] Pipe msg received
[13:37:42.607] Pipe msg received
[13:37:42.607] Pipe msg received
[13:37:43.846] Pipe msg received
[13:37:43.847] Pipe msg received
[13:37:43.848] Pipe msg received
[13:37:45.152] Pipe msg received
[13:37:45.225] Pipe msg received
[13:37:45.226] Pipe msg received
[13:37:46.432] Pipe msg received
[13:37:46.508] Pipe msg received
[13:37:46.509] Pipe msg received
[13:37:46.513] Pipe msg received
[13:37:47.786] Pipe msg received
[13:37:47.787] Pipe msg received
[13:37:47.788] Pipe msg received
[13:37:47.825] Pipe msg received
[13:37:47.827] Pipe msg received
[13:37:47.828] Pipe msg received
[13:37:49.040] Pipe msg received
[13:37:49.128] Pipe msg received
[13:37:49.128] Pipe msg received
[13:37:49.129] Pipe msg received
[13:37:49.130] Pipe msg received
[13:37:50.368] Pipe msg received
[13:37:50.405] Pipe msg received
[13:37:51.628] Pipe msg received
[13:37:51.688] Pipe msg received
[13:37:52.947] Pipe msg received
[13:37:53.025] Pipe msg received
[13:37:53.027] Pipe msg received
[13:37:53.027] Pipe msg received
[13:37:53.028] Pipe msg received
[13:37:54.261] Pipe msg received
[13:37:54.263] Pipe msg received
[13:37:54.291] Pipe msg received
[13:37:55.541] Pipe msg received
[13:37:55.599] Pipe msg received
[13:37:56.861] Pipe msg received
[13:37:59.471] Pipe msg received
[13:37:59.523] Pipe msg received
[13:37:59.525] Pipe msg received
[13:37:59.526] Pipe msg received
[13:38:00.821] Pipe msg received
[13:38:00.823] Pipe msg received
[13:38:00.824] Pipe msg received
[13:38:02.091] Pipe msg received
[13:38:03.353] Pipe msg received
[13:38:03.420] Pipe msg received
[13:38:03.421] Pipe msg received
[13:38:04.646] Pipe msg received
[13:38:04.646] Pipe msg received
[13:38:07.281] Pipe msg received
[13:38:07.281] Pipe msg received
[13:38:08.591] Pipe msg received
[13:38:09.844] Pipe msg received
[13:38:11.142] Pipe msg received
[13:38:12.442] Pipe msg received
[13:38:12.490] Pipe msg received
[13:38:15.088] Pipe msg received
[13:38:15.101] Pipe msg received
[13:38:16.363] Pipe msg received
[13:38:16.390] Pipe msg received
[13:38:17.622] Pipe msg received
[13:38:18.962] Pipe msg received
[13:38:19.010] Pipe msg received
[13:38:19.011] Pipe msg received
[13:38:20.298] Pipe msg received
[13:38:21.535] Pipe msg received
[13:38:24.149] Pipe msg received
[13:38:24.230] Pipe msg received
[13:38:24.231] Pipe msg received
[13:38:24.231] Pipe msg received
[13:38:24.232] Pipe msg received
[13:38:26.721] Pipe msg received
[13:38:29.321] Pipe msg received
[13:38:29.436] Pipe msg received
[13:38:29.436] Pipe msg received
[13:38:29.437] Pipe msg received
[13:38:30.639] Pipe msg received
[13:38:33.293] Pipe msg received
[13:38:34.552] Pipe msg received
[13:38:34.591] Pipe msg received
[13:38:35.850] Pipe msg received
[13:38:37.130] Pipe msg received
[13:38:37.219] Pipe msg received
[13:38:37.220] Pipe msg received
[13:38:39.792] Pipe msg received
[13:38:42.338] Pipe msg received
[13:38:42.391] Pipe msg received
[13:38:43.660] Pipe msg received
[13:38:43.692] Pipe msg received
[13:38:44.992] Pipe msg received
[13:38:47.544] Pipe msg received
[13:38:47.622] Pipe msg received
[13:38:48.854] Pipe msg received
[13:38:50.145] Pipe msg received
[13:38:51.449] Pipe msg received
[13:38:52.793] Pipe msg received
[13:38:54.089] Pipe msg received
[13:38:56.643] Pipe msg received
[13:38:57.954] Pipe msg received
[13:38:57.955] Pipe msg received
[13:38:57.955] Pipe msg received
[13:38:57.992] Pipe msg received
[13:38:59.266] Pipe msg received
[13:39:00.592] Pipe msg received
[13:39:03.187] Pipe msg received
[13:39:03.188] Pipe msg received
[13:39:03.191] Pipe msg received
[13:39:04.471] Pipe msg received
[13:39:05.752] Pipe msg received
[13:39:08.349] Pipe msg received
[13:39:12.302] Pipe msg received
[13:39:13.600] Pipe msg received
[13:39:14.839] Pipe msg received
[13:39:14.894] Pipe msg received
[13:39:16.155] Pipe msg received
[13:39:16.155] Pipe msg received
[13:39:17.444] Pipe msg received
[13:39:18.740] Pipe msg received
[13:39:20.092] Pipe msg received
[13:39:21.405] Pipe msg received
[13:39:22.689] Pipe msg received
[13:39:23.930] Pipe msg received
[13:39:23.990] Pipe msg received
[13:39:25.248] Pipe msg received
[13:39:26.537] Pipe msg received
[13:39:29.123] Pipe msg received
[13:39:29.192] Pipe msg received
[13:39:30.454] Pipe msg received
[13:39:30.517] Pipe msg received
[13:39:30.517] Pipe msg received
[13:39:30.518] Pipe msg received
[13:39:31.752] Pipe msg received
[13:39:31.790] Pipe msg received
[13:39:33.095] Pipe msg received
[13:39:34.418] Pipe msg received
[13:39:34.419] Pipe msg received
[13:39:34.419] Pipe msg received
[13:39:35.700] Pipe msg received
[13:39:37.011] Pipe msg received
[13:39:37.011] Pipe msg received
[13:39:38.296] Pipe msg received
[13:39:39.558] Pipe msg received
[13:39:40.871] Pipe msg received
[13:39:40.871] Pipe msg received
[13:39:42.193] Pipe msg received
[13:39:43.493] Pipe msg received
[13:39:44.793] Pipe msg received
[13:39:46.053] Pipe msg received
[13:39:47.391] Pipe msg received
[13:39:48.649] Pipe msg received
[13:39:48.651] Pipe msg received
[13:39:49.943] Pipe msg received
[13:39:51.255] Pipe msg received
[13:39:51.292] Pipe msg received
[13:39:52.595] Pipe msg received
[13:39:53.844] Pipe msg received
[13:39:56.424] Pipe msg received
[13:39:56.492] Pipe msg received
[13:39:57.768] Pipe msg received
[13:39:59.049] Pipe msg received
[13:40:00.353] Pipe msg received
[13:40:00.354] Pipe msg received
[13:40:04.223] Pipe msg received
[13:40:06.892] Pipe msg received
[13:40:08.230] Pipe msg received
[13:40:08.231] Pipe msg received
[13:40:09.491] Pipe msg received
[13:40:09.492] Pipe msg received
[13:40:09.507] Pipe msg received
[13:40:10.750] Pipe msg received
[13:40:10.751] Pipe msg received
[13:40:10.793] Pipe msg received
[13:40:12.027] Pipe msg received
[13:40:13.414] Pipe msg received
[13:40:13.415] Pipe msg received
[13:40:15.994] Pipe msg received
[13:40:18.564] Pipe msg received
[13:40:18.611] Pipe msg received
[13:40:18.612] Pipe msg received
[13:40:19.860] Pipe msg received
[13:40:19.861] Pipe msg received
[13:40:19.862] Pipe msg received
[13:40:21.149] Pipe msg received
[13:40:23.746] Pipe msg received
[13:40:25.104] Pipe msg received
[13:40:26.391] Pipe msg received
[13:40:27.655] Pipe msg received
[13:40:27.656] Pipe msg received
[13:40:27.708] Pipe msg received
[13:40:27.709] Pipe msg received
[13:40:28.948] Pipe msg received
[13:40:28.949] Pipe msg received
[13:40:30.255] Pipe msg received
[13:40:31.556] Pipe msg received
[13:40:31.557] Pipe msg received
[13:40:32.860] Pipe msg received
[13:40:32.911] Pipe msg received
[13:40:32.911] Pipe msg received
[13:40:34.227] Pipe msg received
[13:40:34.229] Pipe msg received
[13:40:34.231] Pipe msg received
[13:40:36.832] Pipe msg received
[13:40:36.833] Pipe msg received
[13:40:36.833] Pipe msg received
[13:40:38.075] Pipe msg received
[13:40:38.095] Pipe msg received
[13:40:40.653] Pipe msg received
[13:40:40.655] Pipe msg received
[13:40:40.656] Pipe msg received
[13:40:41.961] Pipe msg received
[13:40:41.995] Pipe msg received
[13:40:44.594] Pipe msg received
[13:40:45.898] Pipe msg received
[13:40:49.798] Pipe msg received
[13:40:51.097] Pipe msg received
[13:40:54.955] Pipe msg received
[13:40:54.955] Pipe msg received
[13:40:56.295] Pipe msg received
[13:41:04.094] Pipe msg received
[13:41:06.716] Pipe msg received
[13:41:06.716] Pipe msg received
[13:41:09.295] Pipe msg received
[13:41:10.557] Pipe msg received
[13:41:10.603] Pipe msg received
[13:41:11.860] Pipe msg received
[13:41:13.206] Pipe msg received
[13:41:14.524] Pipe msg received
[13:41:14.525] Pipe msg received
[13:41:14.526] Pipe msg received
[13:41:17.065] Pipe msg received
[13:41:17.096] Pipe msg received
[13:41:21.016] Pipe msg received
[13:41:21.017] Pipe msg received
[13:41:22.273] Pipe msg received
[13:41:24.894] Pipe msg received
[13:41:26.210] Pipe msg received
[13:41:26.211] Pipe msg received
[13:41:27.459] Pipe msg received
[13:41:27.493] Pipe msg received
[13:41:35.271] Pipe msg received
[13:41:36.552] Pipe msg received
[13:41:36.596] Pipe msg received
[13:41:37.901] Pipe msg received
[13:41:37.902] Pipe msg received
[13:41:45.646] Pipe msg received
[13:41:50.895] Pipe msg received
[13:41:58.698] Pipe msg received
[13:41:59.954] Pipe msg received
[13:42:02.599] Pipe msg received
[13:42:03.864] Pipe msg received
[13:42:03.900] Pipe msg received
[13:42:10.409] Pipe msg received
[13:42:16.878] Pipe msg received
[13:42:19.468] Pipe msg received
[13:42:27.296] Pipe msg received
[13:42:28.595] Pipe msg received
[13:42:29.863] Pipe msg received
[13:42:29.865] Pipe msg received
[13:42:31.198] Pipe msg received
[13:42:37.744] Pipe msg received
[13:42:37.749] Pipe msg received
[13:42:37.751] Pipe msg received
[13:42:38.957] Pipe msg received
[13:42:38.999] Pipe msg received
[13:42:40.295] Pipe msg received
[13:42:42.872] Pipe msg received
[13:42:44.178] Pipe msg received
[13:42:44.221] Pipe msg received
[13:42:44.222] Pipe msg received
[13:42:50.638] Pipe msg received
[13:42:53.258] Pipe msg received
[13:42:54.599] Pipe msg received
[13:42:55.896] Pipe msg received
[13:42:58.448] Pipe msg received
[13:42:58.516] Pipe msg received
[13:42:58.517] Pipe msg received
[13:42:59.797] Pipe msg received
[13:43:06.331] Pipe msg received
[13:43:06.332] Pipe msg received
[13:43:07.552] Pipe msg received
[13:43:07.625] Pipe msg received
[13:43:07.626] Pipe msg received
[13:43:07.626] Pipe msg received
[13:43:11.498] Pipe msg received
[13:43:12.766] Pipe msg received
[13:43:14.054] Pipe msg received
[13:43:14.055] Pipe msg received
[13:43:15.341] Pipe msg received
[13:43:17.961] Pipe msg received
[13:43:17.998] Pipe msg received
[13:43:19.226] Pipe msg received
[13:43:20.601] Pipe msg received
[13:43:21.871] Pipe msg received
[13:43:21.872] Pipe msg received
[13:43:21.901] Pipe msg received
[13:43:23.153] Pipe msg received
[13:43:24.463] Pipe msg received
[13:43:24.499] Pipe msg received
[13:43:27.061] Pipe msg received
[13:43:28.327] Pipe msg received
[13:43:28.395] Pipe msg received
[13:43:29.704] Pipe msg received
[13:43:32.298] Pipe msg received
[13:43:33.617] Pipe msg received
[13:43:33.619] Pipe msg received
[13:43:34.830] Pipe msg received
[13:43:36.167] Pipe msg received
[13:43:36.169] Pipe msg received
[13:43:36.171] Pipe msg received
[13:43:37.458] Pipe msg received
[13:43:38.760] Pipe msg received
[13:43:38.802] Pipe msg received
[13:43:40.102] Pipe msg received
[13:43:41.399] Pipe msg received
[13:43:45.297] Pipe msg received
[13:43:46.566] Pipe msg received
[13:43:47.839] Pipe msg received
[13:43:49.185] Pipe msg received
[13:43:50.503] Pipe msg received
[13:43:51.774] Pipe msg received
[13:43:51.802] Pipe msg received
[13:44:00.859] Pipe msg received
[13:44:00.860] Pipe msg received
[13:44:02.167] Pipe msg received
[13:44:06.110] Pipe msg received
[13:44:07.427] Pipe msg received
[13:44:07.427] Pipe msg received
[13:44:07.428] Pipe msg received
[13:44:09.925] Pipe msg received
[13:44:11.302] Pipe msg received
[13:44:12.607] Pipe msg received
[13:44:13.873] Pipe msg received
[13:44:13.902] Pipe msg received
[13:44:15.202] Pipe msg received
[13:44:16.455] Pipe msg received
[13:44:16.499] Pipe msg received
[13:44:17.800] Pipe msg received
[13:44:20.359] Pipe msg received
[13:44:22.950] Pipe msg received
[13:44:24.257] Pipe msg received
[13:44:24.257] Pipe msg received
[13:44:24.320] Pipe msg received
[13:44:24.321] Pipe msg received
[13:44:25.601] Pipe msg received
[13:44:26.845] Pipe msg received
[13:44:28.228] Pipe msg received
[13:44:28.228] Pipe msg received
[13:44:28.229] Pipe msg received
[13:44:29.498] Pipe msg received
[13:44:30.808] Pipe msg received
[13:44:30.824] Pipe msg received
[13:44:30.825] Pipe msg received
[13:44:32.049] Pipe msg received
[13:44:32.050] Pipe msg received
[13:44:33.356] Pipe msg received
[13:44:33.357] Pipe msg received
[13:44:33.413] Pipe msg received
[13:44:33.414] Pipe msg received
[13:44:34.720] Pipe msg received
[13:44:34.721] Pipe msg received
[13:44:37.311] Pipe msg received
[13:44:37.313] Pipe msg received
[13:44:37.313] Pipe msg received
[13:44:37.313] Pipe msg received
[13:44:39.884] Pipe msg received
[13:44:39.900] Pipe msg received
[13:44:41.186] Pipe msg received
[13:44:41.187] Pipe msg received
[13:44:41.188] Pipe msg received
[13:44:41.204] Pipe msg received
[13:44:42.444] Pipe msg received
[13:44:42.444] Pipe msg received
[13:44:43.763] Pipe msg received
[13:44:43.763] Pipe msg received
[13:44:43.766] Pipe msg received
[13:44:43.818] Pipe msg received
[13:44:43.819] Pipe msg received
[13:44:46.359] Pipe msg received
[13:44:47.720] Pipe msg received
[13:44:47.720] Pipe msg received
[13:44:50.271] Pipe msg received
[13:44:50.324] Pipe msg received
[13:44:50.325] Pipe msg received
[13:44:51.602] Pipe msg received
[13:44:52.900] Pipe msg received
[13:44:54.159] Pipe msg received
[13:44:55.469] Pipe msg received
[13:44:58.126] Pipe msg received
[13:44:58.126] Pipe msg received
[13:44:59.368] Pipe msg received
[13:44:59.369] Pipe msg received
[13:44:59.370] Pipe msg received
[13:44:59.403] Pipe msg received
[13:45:00.631] Pipe msg received
[13:45:00.705] Pipe msg received
[13:45:02.006] Pipe msg received
[13:45:03.288] Pipe msg received
[13:45:03.289] Pipe msg received
[13:45:03.312] Pipe msg received
[13:45:04.566] Pipe msg received
[13:45:04.566] Pipe msg received
[13:45:04.612] Pipe msg received
[13:45:05.862] Pipe msg received
[13:45:05.862] Pipe msg received
[13:45:05.903] Pipe msg received
[13:45:07.203] Pipe msg received
[13:45:08.505] Pipe msg received
[13:45:11.084] Pipe msg received
[13:45:12.414] Pipe msg received
[13:45:15.014] Pipe msg received
[13:45:16.248] Pipe msg received
[13:45:16.249] Pipe msg received
[13:45:16.301] Pipe msg received
[13:45:17.540] Pipe msg received
[13:45:18.852] Pipe msg received
[13:45:20.184] Pipe msg received
[13:45:20.185] Pipe msg received
[13:45:20.185] Pipe msg received
[13:45:20.202] Pipe msg received
[13:45:25.406] Pipe msg received
[13:45:27.980] Pipe msg received
[13:45:27.982] Pipe msg received
[13:45:29.326] Pipe msg received
[13:45:29.326] Pipe msg received
[13:45:30.603] Pipe msg received
[13:45:31.849] Pipe msg received
[13:45:31.851] Pipe msg received
[13:45:31.936] Pipe msg received
[13:45:31.937] Pipe msg received
[13:45:31.937] Pipe msg received
[13:45:34.512] Pipe msg received
[13:45:35.764] Pipe msg received
[13:45:35.803] Pipe msg received
[13:45:37.137] Pipe msg received
[13:45:37.138] Pipe msg received
[13:45:37.138] Pipe msg received
[13:45:37.138] Pipe msg received
[13:45:38.364] Pipe msg received
[13:45:38.402] Pipe msg received
[13:45:39.648] Pipe msg received
[13:45:39.733] Pipe msg received
[13:45:39.734] Pipe msg received
[13:45:39.735] Pipe msg received
[13:45:42.307] Pipe msg received
[13:45:43.586] Pipe msg received
[13:45:43.603] Pipe msg received
[13:45:44.904] Pipe msg received
[13:45:46.156] Pipe msg received
[13:45:51.361] Pipe msg received
[13:45:51.404] Pipe msg received
[13:45:52.722] Pipe msg received
[13:45:52.723] Pipe msg received
[13:45:54.020] Pipe msg received
[13:45:54.020] Pipe msg received
[13:45:55.247] Pipe msg received
[13:45:55.336] Pipe msg received
[13:45:55.337] Pipe msg received
[13:45:57.832] Pipe msg received
[13:45:57.900] Pipe msg received
[13:46:01.763] Pipe msg received
[13:46:01.765] Pipe msg received
[13:46:03.054] Pipe msg received
[13:46:03.126] Pipe msg received
[13:46:03.127] Pipe msg received
[13:46:04.363] Pipe msg received
[13:46:04.428] Pipe msg received
[13:46:04.431] Pipe msg received
[13:46:05.735] Pipe msg received
[13:46:05.736] Pipe msg received
[13:46:05.736] Pipe msg received
[13:46:06.981] Pipe msg received
[13:46:06.981] Pipe msg received
[13:46:08.311] Pipe msg received
[13:46:09.607] Pipe msg received
[13:46:09.608] Pipe msg received
[13:46:09.608] Pipe msg received
[13:46:09.609] Pipe msg received
[13:46:10.901] Pipe msg received
[13:46:12.226] Pipe msg received
[13:46:12.228] Pipe msg received
[13:46:13.459] Pipe msg received
[13:46:13.460] Pipe msg received
[13:46:13.504] Pipe msg received
[13:46:14.746] Pipe msg received
[13:46:14.805] Pipe msg received
[13:46:16.111] Pipe msg received
[13:46:17.364] Pipe msg received
[13:46:17.365] Pipe msg received
[13:46:17.402] Pipe msg received
[13:46:18.663] Pipe msg received
[13:46:18.703] Pipe msg received
[13:46:19.973] Pipe msg received
[13:46:19.974] Pipe msg received
[13:46:20.005] Pipe msg received
[13:46:21.261] Pipe msg received
[13:46:23.905] Pipe msg received
[13:46:26.503] Pipe msg received
[13:46:29.105] Pipe msg received
[13:46:31.657] Pipe msg received
[13:46:31.705] Pipe msg received
[13:46:34.300] Pipe msg received
[13:46:35.541] Pipe msg received
[13:46:35.542] Pipe msg received
[13:46:36.875] Pipe msg received
[13:46:39.908] Pipe msg received
[13:46:40.748] Pipe msg received
[13:46:43.348] Pipe msg received
[13:46:43.428] Pipe msg received
[13:46:43.428] Pipe msg received
[13:46:44.668] Pipe msg received
[13:46:44.743] Pipe msg received
[13:46:44.744] Pipe msg received
[13:46:44.745] Pipe msg received
[13:46:44.745] Pipe msg received
[13:46:45.928] Pipe msg received
[13:46:46.028] Pipe msg received
[13:46:46.028] Pipe msg received
[13:46:48.626] Pipe msg received
[13:46:48.626] Pipe msg received
[13:46:49.859] Pipe msg received
[13:46:51.235] Pipe msg received
[13:46:51.236] Pipe msg received
[13:46:51.237] Pipe msg received
[13:46:51.237] Pipe msg received
[13:46:52.446] Pipe msg received
[13:46:53.761] Pipe msg received
[13:46:55.070] Pipe msg received
[13:46:55.070] Pipe msg received
[13:46:55.127] Pipe msg received
[13:46:55.130] Pipe msg received
[13:46:56.365] Pipe msg received
[13:46:56.406] Pipe msg received
[13:46:57.687] Pipe msg received
[13:46:57.704] Pipe msg received
[13:46:59.003] Pipe msg received
[13:47:00.309] Pipe msg received
[13:47:01.605] Pipe msg received
[13:47:02.875] Pipe msg received
[13:47:04.145] Pipe msg received
[13:47:04.225] Pipe msg received
[13:47:04.226] Pipe msg received
[13:47:06.767] Pipe msg received
[13:47:06.806] Pipe msg received
[13:47:08.117] Pipe msg received
[13:47:09.370] Pipe msg received
[13:47:09.433] Pipe msg received
[13:47:09.433] Pipe msg received
[13:47:09.434] Pipe msg received
[13:47:12.005] Pipe msg received
[13:47:13.332] Pipe msg received
[13:47:13.333] Pipe msg received
[13:47:14.608] Pipe msg received
[13:47:17.234] Pipe msg received
[13:47:17.234] Pipe msg received
[13:47:18.457] Pipe msg received
[13:47:19.752] Pipe msg received
[13:47:19.817] Pipe msg received
[13:47:19.818] Pipe msg received
[13:47:21.061] Pipe msg received
[13:47:22.386] Pipe msg received
[13:47:22.387] Pipe msg received
[13:47:22.387] Pipe msg received
[13:47:22.407] Pipe msg received
[13:47:23.705] Pipe msg received
[13:47:23.706] Pipe msg received
[13:47:23.706] Pipe msg received
[13:47:25.004] Pipe msg received
[13:47:26.264] Pipe msg received
[13:47:26.328] Pipe msg received
[13:47:26.329] Pipe msg received
[13:47:27.556] Pipe msg received
[13:47:27.558] Pipe msg received
[13:47:27.559] Pipe msg received
[13:47:27.607] Pipe msg received
[13:47:28.873] Pipe msg received
[13:47:28.874] Pipe msg received
[13:47:28.905] Pipe msg received
[13:47:30.170] Pipe msg received
[13:47:30.170] Pipe msg received
[13:47:30.170] Pipe msg received
[13:47:30.203] Pipe msg received
[13:47:31.495] Pipe msg received
[13:47:31.495] Pipe msg received
[13:47:31.505] Pipe msg received
[13:47:32.755] Pipe msg received
[13:47:35.367] Pipe msg received
[13:47:35.416] Pipe msg received
[13:47:36.669] Pipe msg received
[13:47:36.670] Pipe msg received
[13:47:36.671] Pipe msg received
[13:47:37.954] Pipe msg received
[13:47:37.955] Pipe msg received
[13:47:39.330] Pipe msg received
[13:47:41.863] Pipe msg received
[13:47:41.864] Pipe msg received
[13:47:45.806] Pipe msg received
[13:47:47.104] Pipe msg received
[13:47:48.430] Pipe msg received
[13:47:48.431] Pipe msg received
[13:47:52.307] Pipe msg received
[13:47:53.629] Pipe msg received
[13:47:54.932] Pipe msg received
[13:47:54.933] Pipe msg received
[13:47:54.933] Pipe msg received
[13:47:56.179] Pipe msg received
[13:47:56.203] Pipe msg received
[13:47:57.506] Pipe msg received
[13:47:58.762] Pipe msg received
[13:47:58.766] Pipe msg received
[13:47:58.770] Pipe msg received
[13:47:58.772] Pipe msg received
[13:47:58.831] Pipe msg received
[13:47:58.832] Pipe msg received
[13:47:58.835] Pipe msg received
[13:48:00.084] Pipe msg received
[13:48:01.437] Pipe msg received
[13:48:01.437] Pipe msg received
[13:48:01.438] Pipe msg received
[13:48:02.663] Pipe msg received
[13:48:02.664] Pipe msg received
[13:48:02.664] Pipe msg received
[13:48:03.949] Pipe msg received
[13:48:04.029] Pipe msg received
[13:48:04.030] Pipe msg received
[13:48:05.360] Pipe msg received
[13:48:05.361] Pipe msg received
[13:48:05.361] Pipe msg received
[13:48:05.362] Pipe msg received
[13:48:06.570] Pipe msg received
[13:48:06.608] Pipe msg received
[13:48:07.857] Pipe msg received
[13:48:09.164] Pipe msg received
[13:48:09.205] Pipe msg received
[13:48:10.461] Pipe msg received
[13:48:10.462] Pipe msg received
[13:48:11.845] Pipe msg received
[13:48:11.846] Pipe msg received
[13:48:11.846] Pipe msg received
[13:48:13.106] Pipe msg received
[13:48:13.127] Pipe msg received
[13:48:13.127] Pipe msg received
[13:48:14.390] Pipe msg received
[13:48:14.390] Pipe msg received
[13:48:14.407] Pipe msg received
[13:48:15.705] Pipe msg received
[13:48:16.977] Pipe msg received
[13:48:18.285] Pipe msg received
[13:48:18.286] Pipe msg received
[13:48:18.286] Pipe msg received
[13:48:19.567] Pipe msg received
[13:48:19.636] Pipe msg received
[13:48:19.638] Pipe msg received
[13:48:20.850] Pipe msg received
[13:48:20.925] Pipe msg received
[13:48:20.926] Pipe msg received
[13:48:22.184] Pipe msg received
[13:48:22.209] Pipe msg received
[13:48:23.493] Pipe msg received
[13:48:24.759] Pipe msg received
[13:48:24.808] Pipe msg received
[13:48:26.106] Pipe msg received
[13:48:29.977] Pipe msg received
[13:48:29.978] Pipe msg received
[13:48:30.036] Pipe msg received
[13:48:30.037] Pipe msg received
[13:48:31.254] Pipe msg received
[13:48:32.555] Pipe msg received
[13:48:32.616] Pipe msg received
[13:48:33.869] Pipe msg received
[13:48:33.870] Pipe msg received
[13:48:33.870] Pipe msg received
[13:48:33.908] Pipe msg received
[13:48:35.172] Pipe msg received
[13:48:35.173] Pipe msg received
[13:48:35.173] Pipe msg received
[13:48:35.174] Pipe msg received
[13:48:36.469] Pipe msg received
[13:48:37.750] Pipe msg received
[13:48:37.834] Pipe msg received
[13:48:37.834] Pipe msg received
[13:48:37.835] Pipe msg received
[13:48:39.082] Pipe msg received
[13:48:39.083] Pipe msg received
[13:48:40.432] Pipe msg received
[13:48:40.432] Pipe msg received
[13:48:41.659] Pipe msg received
[13:48:43.026] Pipe msg received
[13:48:43.026] Pipe msg received
[13:48:44.246] Pipe msg received
[13:48:44.334] Pipe msg received
[13:48:44.337] Pipe msg received
[13:48:44.337] Pipe msg received
[13:48:45.553] Pipe msg received
[13:48:48.156] Pipe msg received
[13:48:49.459] Pipe msg received
[13:48:49.507] Pipe msg received
[13:48:50.773] Pipe msg received
[13:48:50.840] Pipe msg received
[13:48:50.841] Pipe msg received
[13:48:52.093] Pipe msg received
[13:48:52.122] Pipe msg received
[13:48:53.427] Pipe msg received
[13:48:53.428] Pipe msg received
[13:48:54.677] Pipe msg received
[13:48:57.236] Pipe msg received
[13:48:58.591] Pipe msg received
[13:48:58.611] Pipe msg received
[13:48:59.848] Pipe msg received
[13:49:02.534] Pipe msg received
[13:49:02.535] Pipe msg received
[13:49:02.537] Pipe msg received
[13:49:10.280] Pipe msg received
[13:49:10.323] Pipe msg received
[13:49:10.324] Pipe msg received
[13:49:11.575] Pipe msg received
[13:49:14.151] Pipe msg received
[13:49:15.507] Pipe msg received
[13:49:16.834] Pipe msg received
[13:49:16.835] Pipe msg received
[13:49:16.836] Pipe msg received
[13:49:19.363] Pipe msg received
[13:49:20.727] Pipe msg received
[13:49:20.728] Pipe msg received
[13:49:24.611] Pipe msg received
[13:49:25.908] Pipe msg received
[13:49:27.207] Pipe msg received
[13:49:28.431] Pipe msg received
[13:49:29.751] Pipe msg received
[13:49:29.752] Pipe msg received
[13:49:31.060] Pipe msg received
[13:49:31.123] Pipe msg received
[13:49:31.123] Pipe msg received
[13:49:33.734] Pipe msg received
[13:49:33.735] Pipe msg received
[13:49:36.312] Pipe msg received
[13:49:37.560] Pipe msg received
[13:49:37.617] Pipe msg received
[13:49:38.909] Pipe msg received
[13:49:40.183] Pipe msg received
[13:49:40.184] Pipe msg received
[13:49:40.234] Pipe msg received
[13:49:40.235] Pipe msg received
[13:49:41.455] Pipe msg received
[13:49:41.456] Pipe msg received
[13:49:41.540] Pipe msg received
[13:49:41.540] Pipe msg received
[13:49:42.831] Pipe msg received
[13:49:42.832] Pipe msg received
[13:49:45.430] Pipe msg received
[13:49:45.430] Pipe msg received
[13:49:46.656] Pipe msg received
[13:49:46.710] Pipe msg received
[13:49:47.962] Pipe msg received
[13:49:47.963] Pipe msg received
[13:49:49.325] Pipe msg received
[13:49:49.325] Pipe msg received
[13:49:51.856] Pipe msg received
[13:49:51.911] Pipe msg received
[13:49:53.212] Pipe msg received
[13:49:54.455] Pipe msg received
[13:49:54.456] Pipe msg received
[13:49:54.528] Pipe msg received
[13:49:54.529] Pipe msg received
[13:49:55.808] Pipe msg received
[13:49:57.040] Pipe msg received
[13:49:57.112] Pipe msg received
[13:49:58.363] Pipe msg received
[13:49:58.364] Pipe msg received
[13:49:58.408] Pipe msg received
[13:49:59.714] Pipe msg received
[13:50:02.346] Pipe msg received
[13:50:02.347] Pipe msg received
[13:50:02.348] Pipe msg received
[13:50:03.634] Pipe msg received
[13:50:03.635] Pipe msg received
[13:50:04.911] Pipe msg received
[13:50:06.210] Pipe msg received
[13:50:08.810] Pipe msg received
[13:50:10.071] Pipe msg received
[13:50:11.411] Pipe msg received
[13:50:12.729] Pipe msg received
[13:50:12.730] Pipe msg received
[13:50:13.951] Pipe msg received
[13:50:13.952] Pipe msg received
[13:50:13.952] Pipe msg received
[13:50:15.361] Pipe msg received
[13:50:15.362] Pipe msg received
[13:50:16.625] Pipe msg received
[13:50:16.626] Pipe msg received
[13:50:17.909] Pipe msg received
[13:50:19.209] Pipe msg received
[13:50:23.110] Pipe msg received
[13:50:24.348] Pipe msg received
[13:50:25.710] Pipe msg received
[13:50:26.982] Pipe msg received
[13:50:28.309] Pipe msg received
[13:50:30.863] Pipe msg received
[13:50:30.864] Pipe msg received
[13:50:32.157] Pipe msg received
[13:50:32.211] Pipe msg received
[13:50:36.134] Pipe msg received
[13:50:36.134] Pipe msg received
[13:50:37.372] Pipe msg received
[13:50:38.658] Pipe msg received
[13:50:43.873] Pipe msg received
[13:50:45.161] Pipe msg received
[13:50:45.162] Pipe msg received
[13:50:46.557] Pipe msg received
[13:50:46.558] Pipe msg received
[13:50:46.558] Pipe msg received
[13:50:46.559] Pipe msg received
[13:50:47.759] Pipe msg received
[13:50:47.760] Pipe msg received
[13:50:47.813] Pipe msg received
[13:50:49.056] Pipe msg received
[13:50:49.057] Pipe msg received
[13:50:49.057] Pipe msg received
[13:50:49.150] Pipe msg received
[13:50:49.151] Pipe msg received
[13:50:49.151] Pipe msg received
[13:50:49.152] Pipe msg received
[13:50:51.661] Pipe msg received
[13:50:51.662] Pipe msg received
[13:50:51.760] Pipe msg received
[13:50:51.761] Pipe msg received
[13:50:51.762] Pipe msg received
[13:50:51.762] Pipe msg received
[13:50:52.980] Pipe msg received
[13:50:52.981] Pipe msg received
[13:50:53.012] Pipe msg received
[13:50:56.928] Pipe msg received
[13:50:56.929] Pipe msg received
[13:50:58.230] Pipe msg received
[13:50:58.231] Pipe msg received
[13:50:59.458] Pipe msg received
[13:50:59.513] Pipe msg received
[13:51:00.810] Pipe msg received
[13:51:05.970] Pipe msg received
[13:51:06.009] Pipe msg received
[13:51:07.253] Pipe msg received
[13:51:07.349] Pipe msg received
[13:51:07.350] Pipe msg received
[13:51:07.350] Pipe msg received
[13:51:08.649] Pipe msg received
[13:51:08.650] Pipe msg received
[13:51:08.651] Pipe msg received
[13:51:09.885] Pipe msg received
[13:51:09.886] Pipe msg received
[13:51:09.932] Pipe msg received
[13:51:09.933] Pipe msg received
[13:51:11.164] Pipe msg received
[13:51:11.213] Pipe msg received
[13:51:12.484] Pipe msg received
[13:51:13.811] Pipe msg received
[13:51:15.058] Pipe msg received
[13:51:15.058] Pipe msg received
[13:51:15.133] Pipe msg received
[13:51:15.134] Pipe msg received
[13:51:16.435] Pipe msg received
[13:51:16.436] Pipe msg received
[13:51:17.656] Pipe msg received
[13:51:18.950] Pipe msg received
[13:51:19.011] Pipe msg received
[13:51:21.610] Pipe msg received
[13:51:22.913] Pipe msg received
[13:51:25.476] Pipe msg received
[13:51:25.477] Pipe msg received
[13:51:39.815] Pipe msg received
[13:51:41.087] Pipe msg received
[13:51:43.713] Pipe msg received
[13:51:44.948] Pipe msg received
[13:51:46.267] Pipe msg received
[13:51:50.158] Pipe msg received
[13:51:52.772] Pipe msg received
[13:51:52.773] Pipe msg received
[13:51:52.836] Pipe msg received
[13:51:52.837] Pipe msg received
[13:51:56.687] Pipe msg received
[13:51:58.014] Pipe msg received
[13:52:00.552] Pipe msg received
[13:52:07.111] Pipe msg received
[13:52:12.266] Pipe msg received
[13:52:14.869] Pipe msg received
[13:52:18.827] Pipe msg received
[13:52:21.389] Pipe msg received
[13:52:21.413] Pipe msg received
[13:52:22.731] Pipe msg received
[13:52:22.732] Pipe msg received
[13:52:26.627] Pipe msg received
[13:52:29.214] Pipe msg received
[13:52:30.485] Pipe msg received
[13:52:30.514] Pipe msg received
[13:52:31.764] Pipe msg received
[13:52:31.834] Pipe msg received
[13:52:31.835] Pipe msg received
[13:52:33.056] Pipe msg received
[13:52:34.341] Pipe msg received
[13:52:34.341] Pipe msg received
[13:52:34.416] Pipe msg received
[13:52:35.689] Pipe msg received
[13:52:35.735] Pipe msg received
[13:52:35.736] Pipe msg received
[13:52:37.011] Pipe msg received
[13:52:38.331] Pipe msg received
[13:52:38.332] Pipe msg received
[13:52:40.856] Pipe msg received
[13:52:42.235] Pipe msg received
[13:52:42.236] Pipe msg received
[13:52:43.514] Pipe msg received
[13:52:44.771] Pipe msg received
[13:52:44.775] Pipe msg received
[13:52:44.815] Pipe msg received
[13:52:46.132] Pipe msg received
[13:52:46.133] Pipe msg received
[13:52:47.337] Pipe msg received
[13:52:47.414] Pipe msg received
[13:52:49.961] Pipe msg received
[13:52:51.255] Pipe msg received
[13:52:51.256] Pipe msg received
[13:52:51.312] Pipe msg received
[13:52:53.943] Pipe msg received
[13:52:53.944] Pipe msg received
[13:52:53.944] Pipe msg received
[13:52:55.141] Pipe msg received
[13:52:55.238] Pipe msg received
[13:52:55.240] Pipe msg received
[13:52:56.513] Pipe msg received
[13:52:57.765] Pipe msg received
[13:52:57.766] Pipe msg received
[13:52:57.860] Pipe msg received
[13:52:57.861] Pipe msg received
[13:52:57.861] Pipe msg received
[13:52:57.862] Pipe msg received
[13:52:57.862] Pipe msg received
[13:52:59.141] Pipe msg received
[13:52:59.142] Pipe msg received
[13:53:00.410] Pipe msg received
[13:53:00.413] Pipe msg received
[13:53:00.415] Pipe msg received
[13:53:01.658] Pipe msg received
[13:53:01.660] Pipe msg received
[13:53:01.661] Pipe msg received
[13:53:01.745] Pipe msg received
[13:53:01.746] Pipe msg received
[13:53:01.746] Pipe msg received
[13:53:01.747] Pipe msg received
[13:53:02.958] Pipe msg received
[13:53:04.316] Pipe msg received
[13:53:05.560] Pipe msg received
[13:53:05.625] Pipe msg received
[13:53:06.838] Pipe msg received
[13:53:06.919] Pipe msg received
[13:53:08.161] Pipe msg received
[13:53:08.238] Pipe msg received
[13:53:08.240] Pipe msg received
[13:53:09.470] Pipe msg received
[13:53:09.514] Pipe msg received
[13:53:10.817] Pipe msg received
[13:53:12.067] Pipe msg received
[13:53:13.361] Pipe msg received
[13:53:13.362] Pipe msg received
[13:53:14.714] Pipe msg received
[13:53:19.937] Pipe msg received
[13:53:19.938] Pipe msg received
[13:53:27.727] Pipe msg received
[13:53:28.937] Pipe msg received
[13:53:30.284] Pipe msg received
[13:53:32.915] Pipe msg received
[13:53:34.223] Pipe msg received
[13:53:35.471] Pipe msg received
[13:53:35.517] Pipe msg received
[13:53:36.767] Pipe msg received
[13:53:36.818] Pipe msg received
[13:53:39.414] Pipe msg received
[13:53:40.657] Pipe msg received
[13:53:43.315] Pipe msg received
[13:53:44.571] Pipe msg received
[13:53:44.617] Pipe msg received
[13:53:49.848] Pipe msg received
[13:53:49.851] Pipe msg received
[13:53:49.852] Pipe msg received
[13:53:51.123] Pipe msg received
[13:53:52.364] Pipe msg received
[13:53:52.365] Pipe msg received
[13:53:52.425] Pipe msg received
[13:53:54.956] Pipe msg received
[13:53:54.957] Pipe msg received
[13:53:57.616] Pipe msg received
[13:53:58.916] Pipe msg received
[13:54:01.463] Pipe msg received
[13:54:01.464] Pipe msg received
[13:54:02.751] Pipe msg received
[13:54:04.120] Pipe msg received
[13:54:05.443] Pipe msg received
[13:54:05.444] Pipe msg received
[13:54:05.445] Pipe msg received
[13:54:06.687] Pipe msg received
[13:54:06.741] Pipe msg received
[13:54:06.742] Pipe msg received
[13:54:07.958] Pipe msg received
[13:54:09.318] Pipe msg received
[13:54:10.620] Pipe msg received
[13:54:11.868] Pipe msg received
[13:54:14.494] Pipe msg received
[13:54:14.516] Pipe msg received
[13:54:15.816] Pipe msg received
[13:54:17.083] Pipe msg received
[13:54:17.084] Pipe msg received
[13:54:17.084] Pipe msg received
[13:54:17.087] Pipe msg received
[13:54:17.152] Pipe msg received
[13:54:17.153] Pipe msg received
[13:54:18.336] Pipe msg received
[13:54:19.668] Pipe msg received
[13:54:19.669] Pipe msg received
[13:54:20.969] Pipe msg received
[13:54:20.970] Pipe msg received
[13:54:22.281] Pipe msg received
[13:54:23.552] Pipe msg received
[13:54:24.858] Pipe msg received
[13:54:30.095] Pipe msg received
[13:54:30.132] Pipe msg received
[13:54:30.134] Pipe msg received
[13:54:31.387] Pipe msg received
[13:54:32.716] Pipe msg received
[13:54:34.040] Pipe msg received
[13:54:34.041] Pipe msg received
[13:54:35.319] Pipe msg received
[13:54:37.916] Pipe msg received
[13:54:40.077] Pipe msg received
[13:54:40.457] Pipe msg received
[13:54:46.966] Pipe msg received
[13:54:46.967] Pipe msg received
[13:54:49.551] Pipe msg received
[13:54:50.845] Pipe msg received
[13:54:50.937] Pipe msg received
[13:54:50.938] Pipe msg received
[13:54:52.220] Pipe msg received
[13:54:54.760] Pipe msg received
[13:54:54.836] Pipe msg received
[13:54:54.837] Pipe msg received
[13:54:56.070] Pipe msg received
[13:54:56.070] Pipe msg received
[13:54:56.145] Pipe msg received
[13:54:56.146] Pipe msg received
[13:54:57.443] Pipe msg received
[13:54:57.444] Pipe msg received
[13:54:58.663] Pipe msg received
[13:54:58.664] Pipe msg received
[13:54:58.751] Pipe msg received
[13:54:58.751] Pipe msg received
[13:54:58.752] Pipe msg received
[13:54:58.753] Pipe msg received
[13:54:59.965] Pipe msg received
[13:55:00.034] Pipe msg received
[13:55:00.035] Pipe msg received
[13:55:01.268] Pipe msg received
[13:55:02.560] Pipe msg received
[13:55:02.657] Pipe msg received
[13:55:02.658] Pipe msg received
[13:55:02.659] Pipe msg received
[13:55:02.660] Pipe msg received
[13:55:03.864] Pipe msg received
[13:55:03.865] Pipe msg received
[13:55:03.924] Pipe msg received
[13:55:05.179] Pipe msg received
[13:55:05.240] Pipe msg received
[13:55:05.241] Pipe msg received
[13:55:09.066] Pipe msg received
[13:55:09.118] Pipe msg received
[13:55:10.353] Pipe msg received
[13:55:10.448] Pipe msg received
[13:55:10.450] Pipe msg received
[13:55:11.671] Pipe msg received
[13:55:12.964] Pipe msg received
[13:55:13.032] Pipe msg received
[13:55:14.299] Pipe msg received
[13:55:14.300] Pipe msg received
[13:55:14.301] Pipe msg received
[13:55:14.352] Pipe msg received
[13:55:14.353] Pipe msg received
[13:55:14.354] Pipe msg received
[13:55:15.553] Pipe msg received
[13:55:15.554] Pipe msg received
[13:55:16.879] Pipe msg received
[13:55:16.932] Pipe msg received
[13:55:16.933] Pipe msg received
[13:55:18.166] Pipe msg received
[13:55:18.167] Pipe msg received
[13:55:18.232] Pipe msg received
[13:55:18.233] Pipe msg received
[13:55:19.467] Pipe msg received
[13:55:19.468] Pipe msg received
[13:55:19.562] Pipe msg received
[13:55:19.564] Pipe msg received
[13:55:19.566] Pipe msg received
[13:55:19.567] Pipe msg received
[13:55:19.569] Pipe msg received
[13:55:19.571] Pipe msg received
[13:55:22.086] Pipe msg received
[13:55:22.136] Pipe msg received
[13:55:22.137] Pipe msg received
[13:55:23.412] Pipe msg received
[13:55:23.413] Pipe msg received
[13:55:23.414] Pipe msg received
[13:55:23.415] Pipe msg received
[13:55:23.415] Pipe msg received
[13:55:23.442] Pipe msg received
[13:55:23.443] Pipe msg received
[13:55:24.666] Pipe msg received
[13:55:25.976] Pipe msg received
[13:55:26.019] Pipe msg received
[13:55:28.562] Pipe msg received
[13:55:28.636] Pipe msg received
[13:55:28.637] Pipe msg received
[13:55:29.918] Pipe msg received
[13:55:31.162] Pipe msg received
[13:55:31.162] Pipe msg received
[13:55:33.790] Pipe msg received
[13:55:33.860] Pipe msg received
[13:55:33.860] Pipe msg received
[13:55:33.861] Pipe msg received
[13:55:33.861] Pipe msg received
[13:55:35.084] Pipe msg received
[13:55:37.669] Pipe msg received
[13:55:37.721] Pipe msg received
[13:55:38.963] Pipe msg received
[13:55:38.964] Pipe msg received
[13:55:39.031] Pipe msg received
[13:55:40.265] Pipe msg received
[13:55:40.269] Pipe msg received
[13:55:40.270] Pipe msg received
[13:55:40.271] Pipe msg received
[13:55:40.272] Pipe msg received
[13:55:40.348] Pipe msg received
[13:55:40.349] Pipe msg received
[13:55:40.351] Pipe msg received
[13:55:41.567] Pipe msg received
[13:55:41.568] Pipe msg received
[13:55:41.634] Pipe msg received
[13:55:41.635] Pipe msg received
[13:55:42.866] Pipe msg received
[13:55:42.868] Pipe msg received
[13:55:42.868] Pipe msg received
[13:55:42.941] Pipe msg received
[13:55:42.942] Pipe msg received
[13:55:44.180] Pipe msg received
[13:55:44.181] Pipe msg received
[13:55:44.181] Pipe msg received
[13:55:44.182] Pipe msg received
[13:55:44.232] Pipe msg received
[13:55:45.472] Pipe msg received
[13:55:45.473] Pipe msg received
[13:55:45.545] Pipe msg received
[13:55:45.546] Pipe msg received
[13:55:45.547] Pipe msg received
[13:55:48.079] Pipe msg received
[13:55:48.080] Pipe msg received
[13:55:48.081] Pipe msg received
[13:55:48.117] Pipe msg received
[13:55:49.390] Pipe msg received
[13:55:49.465] Pipe msg received
[13:55:49.466] Pipe msg received
[13:55:49.467] Pipe msg received
[13:55:49.467] Pipe msg received
[13:55:49.468] Pipe msg received
[13:55:50.661] Pipe msg received
[13:55:50.720] Pipe msg received
[13:55:51.943] Pipe msg received
[13:55:52.024] Pipe msg received
[13:55:53.269] Pipe msg received
[13:55:53.270] Pipe msg received
[13:55:53.271] Pipe msg received
[13:55:53.351] Pipe msg received
[13:55:53.354] Pipe msg received
[13:55:53.355] Pipe msg received
[13:55:53.355] Pipe msg received
[13:55:54.621] Pipe msg received
[13:55:54.622] Pipe msg received
[13:55:54.622] Pipe msg received
[13:55:55.916] Pipe msg received
[13:55:55.917] Pipe msg received
[13:55:55.918] Pipe msg received
[13:55:55.932] Pipe msg received
[13:55:57.158] Pipe msg received
[13:55:57.220] Pipe msg received
[13:55:58.465] Pipe msg received
[13:55:58.466] Pipe msg received
[13:55:58.541] Pipe msg received
[13:55:58.542] Pipe msg received
[13:55:59.777] Pipe msg received
[13:55:59.777] Pipe msg received
[13:55:59.778] Pipe msg received
[13:55:59.825] Pipe msg received
[13:56:01.123] Pipe msg received
[13:56:01.123] Pipe msg received
[13:56:01.124] Pipe msg received
[13:56:02.421] Pipe msg received
[13:56:03.674] Pipe msg received
[13:56:03.676] Pipe msg received
[13:56:03.722] Pipe msg received
[13:56:05.035] Pipe msg received
[13:56:05.035] Pipe msg received
[13:56:06.348] Pipe msg received
[13:56:06.349] Pipe msg received
[13:56:07.619] Pipe msg received
[13:56:08.922] Pipe msg received
[13:56:10.243] Pipe msg received
[13:56:10.244] Pipe msg received
[13:56:11.520] Pipe msg received
[13:56:12.758] Pipe msg received
[13:56:12.760] Pipe msg received
[13:56:12.761] Pipe msg received
[13:56:12.823] Pipe msg received
[13:56:14.112] Pipe msg received
[13:56:14.113] Pipe msg received
[13:56:14.114] Pipe msg received
[13:56:14.127] Pipe msg received
[13:56:15.366] Pipe msg received
[13:56:15.366] Pipe msg received
[13:56:15.367] Pipe msg received
[13:56:15.367] Pipe msg received
[13:56:16.658] Pipe msg received
[13:56:16.737] Pipe msg received
[13:56:16.738] Pipe msg received
[13:56:17.975] Pipe msg received
[13:56:17.976] Pipe msg received
[13:56:19.287] Pipe msg received
[13:56:19.319] Pipe msg received
[13:56:20.564] Pipe msg received
[13:56:20.650] Pipe msg received
[13:56:20.651] Pipe msg received
[13:56:20.652] Pipe msg received
[13:56:21.960] Pipe msg received
[13:56:21.964] Pipe msg received
[13:56:21.966] Pipe msg received
[13:56:23.167] Pipe msg received
[13:56:23.168] Pipe msg received
[13:56:25.755] Pipe msg received
[13:56:25.821] Pipe msg received
[13:56:27.141] Pipe msg received
[13:56:29.662] Pipe msg received
[13:56:33.620] Pipe msg received
[13:56:37.517] Pipe msg received
[13:56:44.041] Pipe msg received
[13:56:44.042] Pipe msg received
[13:56:46.631] Pipe msg received
[13:56:49.187] Pipe msg received
[13:56:53.069] Pipe msg received
[13:56:53.143] Pipe msg received
[13:56:53.143] Pipe msg received
[13:56:54.365] Pipe msg received
[13:56:54.366] Pipe msg received
[13:56:54.420] Pipe msg received
[13:56:55.757] Pipe msg received
[13:56:55.759] Pipe msg received
[13:56:55.760] Pipe msg received
[13:56:57.018] Pipe msg received
[13:56:59.642] Pipe msg received
[13:56:59.643] Pipe msg received
[13:57:00.859] Pipe msg received
[13:57:03.447] Pipe msg received
[13:57:04.841] Pipe msg received
[13:57:04.842] Pipe msg received
[13:57:06.072] Pipe msg received
[13:57:06.122] Pipe msg received
[13:57:10.052] Pipe msg received
[13:57:10.054] Pipe msg received
[13:57:11.267] Pipe msg received
[13:57:15.231] Pipe msg received
[13:57:16.520] Pipe msg received
[13:57:17.767] Pipe msg received
[13:57:21.659] Pipe msg received
[13:57:22.959] Pipe msg received
[13:57:24.286] Pipe msg received
[13:57:24.322] Pipe msg received
[13:57:26.865] Pipe msg received
[13:57:26.866] Pipe msg received
[13:57:28.139] Pipe msg received
[13:57:30.831] Pipe msg received
[13:57:32.121] Pipe msg received
[13:57:33.465] Pipe msg received
[13:57:33.468] Pipe msg received
[13:57:34.729] Pipe msg received
[13:57:37.270] Pipe msg received
[13:57:37.351] Pipe msg received
[13:57:37.352] Pipe msg received
[13:57:38.639] Pipe msg received
[13:57:38.642] Pipe msg received
[13:57:39.864] Pipe msg received
[13:57:39.925] Pipe msg received
[13:57:41.172] Pipe msg received
[13:57:43.772] Pipe msg received
[13:57:43.828] Pipe msg received
[13:57:45.131] Pipe msg received
[13:57:46.426] Pipe msg received
[13:57:48.986] Pipe msg received
[13:57:50.341] Pipe msg received
[13:57:50.342] Pipe msg received
[13:57:51.576] Pipe msg received
[13:57:51.577] Pipe msg received
[13:57:52.922] Pipe msg received
[13:57:54.178] Pipe msg received
[13:57:54.223] Pipe msg received
[13:57:55.524] Pipe msg received
[13:57:56.839] Pipe msg received
[13:57:56.841] Pipe msg received
[13:57:58.076] Pipe msg received
[13:57:59.132] Pipe msg received
[13:57:59.360] Pipe msg received
[13:57:59.426] Pipe msg received
[13:58:02.040] Pipe msg received
[13:58:02.041] Pipe msg received
[13:58:04.626] Pipe msg received
[13:58:05.870] Pipe msg received
[13:58:07.182] Pipe msg received
[13:58:07.240] Pipe msg received
[13:58:07.241] Pipe msg received
[13:58:07.241] Pipe msg received
[13:58:08.444] Pipe msg received
[13:58:08.524] Pipe msg received
[13:58:09.824] Pipe msg received
[13:58:11.083] Pipe msg received
[13:58:11.084] Pipe msg received
[13:58:11.122] Pipe msg received
[13:58:12.371] Pipe msg received
[13:58:12.450] Pipe msg received
[13:58:12.451] Pipe msg received
[13:58:16.323] Pipe msg received
[13:58:18.854] Pipe msg received
[13:58:20.189] Pipe msg received
[13:58:20.190] Pipe msg received
[13:58:20.225] Pipe msg received
[13:58:21.467] Pipe msg received
[13:58:21.468] Pipe msg received
[13:58:22.777] Pipe msg received
[13:58:22.824] Pipe msg received
[13:58:25.423] Pipe msg received
[13:58:29.350] Pipe msg received
[13:58:29.351] Pipe msg received
[13:58:30.622] Pipe msg received
[13:58:33.165] Pipe msg received
[13:58:33.224] Pipe msg received
[13:58:34.522] Pipe msg received
[13:58:39.663] Pipe msg received
[13:58:39.729] Pipe msg received
[13:58:41.050] Pipe msg received
[13:58:41.051] Pipe msg received
[13:58:41.053] Pipe msg received
[13:58:42.272] Pipe msg received
[13:58:42.324] Pipe msg received
[13:58:43.571] Pipe msg received
[13:58:43.650] Pipe msg received
[13:58:43.650] Pipe msg received
[13:58:43.651] Pipe msg received
[13:58:44.871] Pipe msg received
[13:58:44.924] Pipe msg received
[13:58:46.257] Pipe msg received
[13:58:46.259] Pipe msg received
[13:58:46.261] Pipe msg received
[13:58:47.524] Pipe msg received
[13:58:48.828] Pipe msg received
[13:58:50.142] Pipe msg received
[13:58:50.143] Pipe msg received
[13:58:51.444] Pipe msg received
[13:58:51.445] Pipe msg received
[13:58:52.726] Pipe msg received
[13:58:53.962] Pipe msg received
[13:58:55.337] Pipe msg received
[13:58:56.563] Pipe msg received
[13:58:57.935] Pipe msg received
[13:58:59.225] Pipe msg received
[13:59:00.554] Pipe msg received
[13:59:00.556] Pipe msg received
[13:59:00.557] Pipe msg received
[13:59:01.848] Pipe msg received
[13:59:01.848] Pipe msg received
[13:59:04.362] Pipe msg received
[13:59:04.438] Pipe msg received
[13:59:04.439] Pipe msg received
[13:59:05.758] Pipe msg received
[13:59:05.760] Pipe msg received
[13:59:05.761] Pipe msg received
[13:59:08.358] Pipe msg received
[13:59:08.359] Pipe msg received
[13:59:08.360] Pipe msg received
[13:59:11.731] Pipe msg received
[13:59:12.188] Pipe msg received
[13:59:12.189] Pipe msg received
[13:59:12.189] Pipe msg received
[13:59:12.190] Pipe msg received
[13:59:12.251] Pipe msg received
[13:59:12.252] Pipe msg received
[13:59:13.050] Pipe msg received
[13:59:13.545] Pipe msg received
[13:59:13.546] Pipe msg received
[13:59:14.765] Pipe msg received
[13:59:14.840] Pipe msg received
[13:59:14.841] Pipe msg received
[13:59:16.085] Pipe msg received
[13:59:16.126] Pipe msg received
[13:59:18.681] Pipe msg received
[13:59:20.061] Pipe msg received
[13:59:20.061] Pipe msg received
[13:59:20.062] Pipe msg received
[13:59:21.347] Pipe msg received
[13:59:21.348] Pipe msg received
[13:59:22.569] Pipe msg received
[13:59:22.623] Pipe msg received
[13:59:23.867] Pipe msg received
[13:59:23.868] Pipe msg received
[13:59:23.945] Pipe msg received
[13:59:23.946] Pipe msg received
[13:59:25.225] Pipe msg received
[13:59:29.067] Pipe msg received
[13:59:29.126] Pipe msg received
[13:59:30.416] Pipe msg received
[13:59:31.655] Pipe msg received
[13:59:34.326] Pipe msg received
[13:59:36.944] Pipe msg received
[13:59:36.945] Pipe msg received
[13:59:38.164] Pipe msg received
[13:59:38.165] Pipe msg received
[13:59:38.245] Pipe msg received
[13:59:38.246] Pipe msg received
[13:59:42.049] Pipe msg received
[13:59:43.423] Pipe msg received
[13:59:44.681] Pipe msg received
[13:59:47.272] Pipe msg received
[13:59:48.563] Pipe msg received
[13:59:49.881] Pipe msg received
[13:59:56.428] Pipe msg received
[13:59:59.025] Pipe msg received
[14:00:00.327] Pipe msg received
[14:00:01.568] Pipe msg received
[14:00:02.899] Pipe msg received
[14:00:02.900] Pipe msg received
[14:00:05.474] Pipe msg received
[14:00:05.528] Pipe msg received
[14:00:06.770] Pipe msg received
[14:00:06.826] Pipe msg received
[14:00:10.663] Pipe msg received
[14:00:12.000] Pipe msg received
[14:00:14.628] Pipe msg received
[14:00:15.893] Pipe msg received
[14:00:15.929] Pipe msg received
[14:00:18.497] Pipe msg received
[14:00:18.498] Pipe msg received
[14:00:23.693] Pipe msg received
[14:00:23.694] Pipe msg received
[14:00:26.328] Pipe msg received
[14:00:27.566] Pipe msg received
[14:00:28.927] Pipe msg received
[14:00:30.251] Pipe msg received
[14:00:30.252] Pipe msg received
[14:00:31.479] Pipe msg received
[14:00:31.480] Pipe msg received
[14:00:31.547] Pipe msg received
[14:00:31.548] Pipe msg received
[14:00:32.788] Pipe msg received
[14:00:32.873] Pipe msg received
[14:00:32.874] Pipe msg received
[14:00:34.084] Pipe msg received
[14:00:34.188] Pipe msg received
[14:00:34.189] Pipe msg received
[14:00:34.191] Pipe msg received
[14:00:34.191] Pipe msg received
[14:00:35.463] Pipe msg received
[14:00:35.464] Pipe msg received
[14:00:35.465] Pipe msg received
[14:00:36.726] Pipe msg received
[14:00:37.976] Pipe msg received
[14:00:37.977] Pipe msg received
[14:00:39.347] Pipe msg received
[14:00:39.348] Pipe msg received
[14:00:40.583] Pipe msg received
[14:00:40.641] Pipe msg received
[14:00:41.867] Pipe msg received
[14:00:41.868] Pipe msg received
[14:00:43.161] Pipe msg received
[14:00:43.162] Pipe msg received
[14:00:44.468] Pipe msg received
[14:00:44.555] Pipe msg received
[14:00:44.556] Pipe msg received
[14:00:44.557] Pipe msg received
[14:00:45.843] Pipe msg received
[14:00:47.064] Pipe msg received
[14:00:47.129] Pipe msg received
[14:00:48.385] Pipe msg received
[14:00:49.680] Pipe msg received
[14:00:49.683] Pipe msg received
[14:00:50.975] Pipe msg received
[14:00:50.976] Pipe msg received
[14:00:51.027] Pipe msg received
[14:00:52.243] Pipe msg received
[14:00:52.360] Pipe msg received
[14:00:52.360] Pipe msg received
[14:00:53.561] Pipe msg received
[14:00:54.868] Pipe msg received
[14:00:54.939] Pipe msg received
[14:00:56.175] Pipe msg received
[14:00:56.176] Pipe msg received
[14:00:57.545] Pipe msg received
[14:00:57.547] Pipe msg received
[14:00:58.782] Pipe msg received
[14:00:58.783] Pipe msg received
[14:00:58.784] Pipe msg received
[14:00:58.832] Pipe msg received
[14:01:00.128] Pipe msg received
[14:01:01.378] Pipe msg received
[14:01:01.378] Pipe msg received
[14:01:01.379] Pipe msg received
[14:01:01.440] Pipe msg received
[14:01:02.752] Pipe msg received
[14:01:02.753] Pipe msg received
[14:01:03.963] Pipe msg received
[14:01:03.965] Pipe msg received
[14:01:04.069] Pipe msg received
[14:01:04.069] Pipe msg received
[14:01:04.070] Pipe msg received
[14:01:04.070] Pipe msg received
[14:01:05.346] Pipe msg received
[14:01:06.548] Pipe msg received
[14:01:07.870] Pipe msg received
[14:01:07.949] Pipe msg received
[14:01:07.950] Pipe msg received
[14:01:10.555] Pipe msg received
[14:01:10.556] Pipe msg received
[14:01:11.863] Pipe msg received
[14:01:11.864] Pipe msg received
[14:01:13.129] Pipe msg received
[14:01:16.969] Pipe msg received
[14:01:17.025] Pipe msg received
[14:01:18.266] Pipe msg received
[14:01:18.267] Pipe msg received
[14:01:18.351] Pipe msg received
[14:01:18.352] Pipe msg received
[14:01:19.654] Pipe msg received
[14:01:19.655] Pipe msg received
[14:01:22.158] Pipe msg received
[14:01:23.477] Pipe msg received
[14:01:23.539] Pipe msg received
[14:01:24.778] Pipe msg received
[14:01:24.862] Pipe msg received
[14:01:24.863] Pipe msg received
[14:01:26.082] Pipe msg received
[14:01:26.083] Pipe msg received
[14:01:26.084] Pipe msg received
[14:01:31.285] Pipe msg received
[14:01:31.331] Pipe msg received
[14:01:32.658] Pipe msg received
[14:01:32.662] Pipe msg received
[14:01:32.663] Pipe msg received
[14:01:33.879] Pipe msg received
[14:01:35.232] Pipe msg received
[14:01:37.797] Pipe msg received
[14:01:37.846] Pipe msg received
[14:01:37.846] Pipe msg received
[14:01:39.085] Pipe msg received
[14:01:39.150] Pipe msg received
[14:01:39.152] Pipe msg received
[14:01:40.390] Pipe msg received
[14:01:40.430] Pipe msg received
[14:01:41.688] Pipe msg received
[14:01:41.691] Pipe msg received
[14:01:41.691] Pipe msg received
[14:01:43.036] Pipe msg received
[14:01:45.652] Pipe msg received
[14:01:45.654] Pipe msg received
[14:01:46.882] Pipe msg received
[14:01:46.961] Pipe msg received
[14:01:46.962] Pipe msg received
[14:01:48.195] Pipe msg received
[14:01:49.540] Pipe msg received
[14:01:52.123] Pipe msg received
[14:01:52.124] Pipe msg received
[14:01:52.158] Pipe msg received
[14:01:52.158] Pipe msg received
[14:01:53.436] Pipe msg received
[14:01:53.451] Pipe msg received
[14:01:53.453] Pipe msg received
[14:01:54.727] Pipe msg received
[14:01:56.035] Pipe msg received
[14:01:57.280] Pipe msg received
[14:01:57.329] Pipe msg received
[14:01:58.631] Pipe msg received
[14:01:59.892] Pipe msg received
[14:01:59.951] Pipe msg received
[14:01:59.952] Pipe msg received
[14:02:01.217] Pipe msg received
[14:02:01.217] Pipe msg received
[14:02:01.232] Pipe msg received
[14:02:02.503] Pipe msg received
[14:02:02.534] Pipe msg received
[14:02:03.802] Pipe msg received
[14:02:03.803] Pipe msg received
[14:02:03.806] Pipe msg received
[14:02:03.883] Pipe msg received
[14:02:03.887] Pipe msg received
[14:02:03.891] Pipe msg received
[14:02:03.893] Pipe msg received
[14:02:05.156] Pipe msg received
[14:02:05.157] Pipe msg received
[14:02:05.158] Pipe msg received
[14:02:06.402] Pipe msg received
[14:02:06.475] Pipe msg received
[14:02:06.476] Pipe msg received
[14:02:06.478] Pipe msg received
[14:02:06.479] Pipe msg received
[14:02:07.697] Pipe msg received
[14:02:07.698] Pipe msg received
[14:02:07.760] Pipe msg received
[14:02:07.762] Pipe msg received
[14:02:08.999] Pipe msg received
[14:02:10.345] Pipe msg received
[14:02:10.361] Pipe msg received
[14:02:10.362] Pipe msg received
[14:02:10.363] Pipe msg received
[14:02:11.608] Pipe msg received
[14:02:11.610] Pipe msg received
[14:02:11.611] Pipe msg received
[14:02:11.628] Pipe msg received
[14:02:12.905] Pipe msg received
[14:02:12.940] Pipe msg received
[14:02:12.940] Pipe msg received
[14:02:14.252] Pipe msg received
[14:02:14.253] Pipe msg received
[14:02:14.254] Pipe msg received
[14:02:15.514] Pipe msg received
[14:02:15.549] Pipe msg received
[14:02:15.550] Pipe msg received
[14:02:18.147] Pipe msg received
[14:02:18.150] Pipe msg received
[14:02:19.404] Pipe msg received
[14:02:19.453] Pipe msg received
[14:02:19.454] Pipe msg received
[14:02:19.454] Pipe msg received
[14:02:20.714] Pipe msg received
[14:02:20.715] Pipe msg received
[14:02:20.760] Pipe msg received
[14:02:20.761] Pipe msg received
[14:02:25.949] Pipe msg received
[14:02:27.230] Pipe msg received
[14:02:28.547] Pipe msg received
[14:02:28.548] Pipe msg received
[14:02:29.806] Pipe msg received
[14:02:32.431] Pipe msg received
[14:02:33.718] Pipe msg received
[14:02:33.735] Pipe msg received
[14:02:35.031] Pipe msg received
[14:02:37.612] Pipe msg received
[14:02:37.641] Pipe msg received
[14:02:38.947] Pipe msg received
[14:02:41.532] Pipe msg received
[14:02:42.831] Pipe msg received
[14:02:44.130] Pipe msg received
[14:02:46.736] Pipe msg received
[14:02:49.332] Pipe msg received
[14:02:53.235] Pipe msg received
[14:02:55.831] Pipe msg received
[14:02:57.131] Pipe msg received
[14:02:58.434] Pipe msg received
[14:02:58.453] Pipe msg received
[14:02:58.455] Pipe msg received
[14:02:59.733] Pipe msg received
[14:02:59.734] Pipe msg received
[14:02:59.776] Pipe msg received
[14:02:59.777] Pipe msg received
[14:02:59.778] Pipe msg received
[14:02:59.778] Pipe msg received
[14:03:01.036] Pipe msg received
[14:03:01.037] Pipe msg received
[14:03:01.046] Pipe msg received
[14:03:01.047] Pipe msg received
[14:03:02.347] Pipe msg received
[14:03:02.348] Pipe msg received
[14:03:02.364] Pipe msg received
[14:03:02.364] Pipe msg received
[14:03:03.636] Pipe msg received
[14:03:03.637] Pipe msg received
[14:03:03.638] Pipe msg received
[14:03:03.666] Pipe msg received
[14:03:03.668] Pipe msg received
[14:03:03.669] Pipe msg received
[14:03:04.913] Pipe msg received
[14:03:04.950] Pipe msg received
[14:03:04.952] Pipe msg received
[14:03:06.256] Pipe msg received
[14:03:06.258] Pipe msg received
[14:03:06.266] Pipe msg received
[14:03:06.268] Pipe msg received
[14:03:07.555] Pipe msg received
[14:03:07.559] Pipe msg received
[14:03:08.739] Pipe msg received
[14:03:08.815] Pipe msg received
[14:03:08.865] Pipe msg received
[14:03:08.868] Pipe msg received
[14:03:08.870] Pipe msg received
[14:03:10.125] Pipe msg received
[14:03:10.127] Pipe msg received
[14:03:10.164] Pipe msg received
[14:03:10.165] Pipe msg received
[14:03:10.165] Pipe msg received
[14:03:10.165] Pipe msg received
[14:03:11.432] Pipe msg received
[14:03:12.716] Pipe msg received
[14:03:15.334] Pipe msg received
[14:03:15.343] Pipe msg received
[14:03:15.346] Pipe msg received
[14:03:15.347] Pipe msg received
[14:03:16.634] Pipe msg received
[14:03:16.634] Pipe msg received
[14:03:16.674] Pipe msg received
[14:03:16.677] Pipe msg received
[14:03:16.680] Pipe msg received
[14:03:16.682] Pipe msg received
[14:03:16.684] Pipe msg received
[14:03:17.917] Pipe msg received
[14:03:17.949] Pipe msg received
[14:03:17.952] Pipe msg received
[14:03:19.233] Pipe msg received
[14:03:19.237] Pipe msg received
[14:03:19.249] Pipe msg received
[14:03:20.533] Pipe msg received
[14:03:21.814] Pipe msg received
[14:03:23.132] Pipe msg received
[14:03:23.155] Pipe msg received
[14:03:23.159] Pipe msg received
[14:03:24.426] Pipe msg received
[14:03:24.431] Pipe msg received
[14:03:25.749] Pipe msg received
[14:03:28.334] Pipe msg received
[14:03:29.619] Pipe msg received
[14:03:32.249] Pipe msg received
[14:03:32.250] Pipe msg received
[14:03:36.142] Pipe msg received
[14:03:37.419] Pipe msg received
[14:03:40.034] Pipe msg received
[14:03:41.333] Pipe msg received
[14:03:42.594] Pipe msg received
[14:03:42.632] Pipe msg received
[14:03:45.230] Pipe msg received
[14:03:46.520] Pipe msg received
[14:03:46.526] Pipe msg received
[14:03:47.865] Pipe msg received
[14:03:47.867] Pipe msg received
[14:03:47.868] Pipe msg received
[14:03:53.017] Pipe msg received
[14:03:53.088] Pipe msg received
[14:03:55.612] Pipe msg received
[14:03:55.656] Pipe msg received
[14:03:55.658] Pipe msg received
[14:03:56.933] Pipe msg received
[14:03:58.256] Pipe msg received
[14:03:58.258] Pipe msg received
[14:04:00.821] Pipe msg received
[14:04:02.149] Pipe msg received
[14:04:05.996] Pipe msg received
[14:04:07.311] Pipe msg received
[14:04:07.334] Pipe msg received
[14:04:09.935] Pipe msg received
[14:04:13.835] Pipe msg received
[14:04:21.655] Pipe msg received
[14:04:21.656] Pipe msg received
[14:04:24.235] Pipe msg received
[14:04:24.249] Pipe msg received
[14:04:25.566] Pipe msg received
[14:04:25.567] Pipe msg received
[14:04:26.861] Pipe msg received
[14:04:26.862] Pipe msg received
[14:04:29.426] Pipe msg received
[14:04:30.716] Pipe msg received
[14:04:30.786] Pipe msg received
[14:04:30.787] Pipe msg received
[14:04:30.788] Pipe msg received
[14:04:30.790] Pipe msg received
[14:04:31.993] Pipe msg received
[14:04:32.034] Pipe msg received
[14:04:33.335] Pipe msg received
[14:04:37.226] Pipe msg received
[14:04:37.236] Pipe msg received
[14:04:39.825] Pipe msg received
[14:04:41.114] Pipe msg received
[14:04:41.191] Pipe msg received
[14:04:41.192] Pipe msg received
[14:04:41.192] Pipe msg received
[14:04:42.424] Pipe msg received
[14:04:42.464] Pipe msg received
[14:04:42.465] Pipe msg received
[14:04:42.466] Pipe msg received
[14:04:43.747] Pipe msg received
[14:04:45.027] Pipe msg received
[14:04:45.028] Pipe msg received
[14:04:45.030] Pipe msg received
[14:04:45.033] Pipe msg received
[14:04:45.066] Pipe msg received
[14:04:45.067] Pipe msg received
[14:04:45.067] Pipe msg received
[14:04:45.068] Pipe msg received
[14:04:46.324] Pipe msg received
[14:04:46.368] Pipe msg received
[14:04:46.368] Pipe msg received
[14:04:46.369] Pipe msg received
[14:04:47.643] Pipe msg received
[14:04:47.645] Pipe msg received
[14:04:47.646] Pipe msg received
[14:04:47.647] Pipe msg received
[14:04:47.648] Pipe msg received
[14:04:48.929] Pipe msg received
[14:04:50.250] Pipe msg received
[14:04:50.251] Pipe msg received
[14:04:51.514] Pipe msg received
[14:04:51.555] Pipe msg received
[14:04:51.556] Pipe msg received
[14:04:52.797] Pipe msg received
[14:04:52.857] Pipe msg received
[14:04:52.857] Pipe msg received
[14:04:52.858] Pipe msg received
[14:04:54.132] Pipe msg received
[14:04:55.434] Pipe msg received
[14:04:55.472] Pipe msg received
[14:04:55.473] Pipe msg received
[14:04:55.474] Pipe msg received
[14:04:55.476] Pipe msg received
[14:04:55.476] Pipe msg received
[14:04:56.744] Pipe msg received
[14:05:04.545] Pipe msg received
[14:05:04.562] Pipe msg received
[14:05:04.563] Pipe msg received
[14:05:05.810] Pipe msg received
[14:05:05.834] Pipe msg received
[14:05:07.136] Pipe msg received
[14:05:07.140] Pipe msg received
[14:05:08.421] Pipe msg received
[14:05:08.458] Pipe msg received
[14:05:08.459] Pipe msg received
[14:05:09.745] Pipe msg received
[14:05:11.038] Pipe msg received
[14:05:11.066] Pipe msg received
[14:05:12.331] Pipe msg received
[14:05:12.368] Pipe msg received
[14:05:12.370] Pipe msg received
[14:05:13.651] Pipe msg received
[14:05:13.652] Pipe msg received
[14:05:13.653] Pipe msg received
[14:05:14.915] Pipe msg received
[14:05:14.916] Pipe msg received
[14:05:14.974] Pipe msg received
[14:05:14.974] Pipe msg received
[14:05:14.975] Pipe msg received
[14:05:14.975] Pipe msg received
[14:05:16.289] Pipe msg received
[14:05:16.292] Pipe msg received
[14:05:16.292] Pipe msg received
[14:05:17.548] Pipe msg received
[14:05:17.560] Pipe msg received
[14:05:17.561] Pipe msg received
[14:05:17.561] Pipe msg received
[14:05:18.850] Pipe msg received
[14:05:18.852] Pipe msg received
[14:05:18.854] Pipe msg received
[14:05:18.867] Pipe msg received
[14:05:18.869] Pipe msg received
[14:05:20.112] Pipe msg received
[14:05:20.155] Pipe msg received
[14:05:20.156] Pipe msg received
[14:05:22.714] Pipe msg received
[14:05:22.769] Pipe msg received
[14:05:22.770] Pipe msg received
[14:05:22.770] Pipe msg received
[14:05:22.771] Pipe msg received
[14:05:24.036] Pipe msg received
[14:05:25.338] Pipe msg received
[14:05:25.374] Pipe msg received
[14:05:26.609] Pipe msg received
[14:05:26.634] Pipe msg received
[14:05:27.955] Pipe msg received
[14:05:27.958] Pipe msg received
[14:05:27.960] Pipe msg received
[14:05:27.961] Pipe msg received
[14:05:27.961] Pipe msg received
[14:05:27.972] Pipe msg received
[14:05:27.973] Pipe msg received
[14:05:27.973] Pipe msg received
[14:05:29.224] Pipe msg received
[14:05:29.268] Pipe msg received
[14:05:29.270] Pipe msg received
[14:05:29.273] Pipe msg received
[14:05:30.554] Pipe msg received
[14:05:30.555] Pipe msg received
[14:05:30.555] Pipe msg received
[14:05:30.556] Pipe msg received
[14:05:30.556] Pipe msg received
[14:05:30.557] Pipe msg received
[14:05:30.557] Pipe msg received
[14:05:30.557] Pipe msg received
[14:05:30.565] Pipe msg received
[14:05:30.567] Pipe msg received
[14:05:31.820] Pipe msg received
[14:05:33.138] Pipe msg received
[14:05:33.140] Pipe msg received
[14:05:33.176] Pipe msg received
[14:05:33.177] Pipe msg received
[14:05:33.178] Pipe msg received
[14:05:33.179] Pipe msg received
[14:05:34.458] Pipe msg received
[14:05:34.460] Pipe msg received
[14:05:35.769] Pipe msg received
[14:05:35.770] Pipe msg received
[14:05:35.771] Pipe msg received
[14:05:35.771] Pipe msg received
[14:05:37.009] Pipe msg received
[14:05:37.035] Pipe msg received
[14:05:38.333] Pipe msg received
[14:05:39.655] Pipe msg received
[14:05:39.657] Pipe msg received
[14:05:40.905] Pipe msg received
[14:05:40.958] Pipe msg received
[14:05:40.959] Pipe msg received
[14:05:43.527] Pipe msg received
[14:05:44.842] Pipe msg received
[14:05:47.426] Pipe msg received
[14:05:48.739] Pipe msg received
[14:05:51.338] Pipe msg received
[14:05:55.212] Pipe msg received
[14:05:55.213] Pipe msg received
[14:05:55.237] Pipe msg received
[14:05:57.814] Pipe msg received
[14:05:57.858] Pipe msg received
[14:05:57.858] Pipe msg received
[14:06:00.434] Pipe msg received
[14:06:00.435] Pipe msg received
[14:06:00.476] Pipe msg received
[14:06:00.477] Pipe msg received
[14:06:00.477] Pipe msg received
[14:06:00.478] Pipe msg received
[14:06:01.730] Pipe msg received
[14:06:01.732] Pipe msg received
[14:06:01.733] Pipe msg received
[14:06:01.738] Pipe msg received
[14:06:03.026] Pipe msg received
[14:06:03.026] Pipe msg received
[14:06:03.027] Pipe msg received
[14:06:03.059] Pipe msg received
[14:06:03.060] Pipe msg received
[14:06:04.336] Pipe msg received
[14:06:04.355] Pipe msg received
[14:06:04.356] Pipe msg received
[14:06:04.356] Pipe msg received
[14:06:04.359] Pipe msg received
[14:06:04.359] Pipe msg received
[14:06:05.672] Pipe msg received
[14:06:05.674] Pipe msg received
[14:06:05.674] Pipe msg received
[14:06:06.895] Pipe msg received
[14:06:08.250] Pipe msg received
[14:06:08.251] Pipe msg received
[14:06:08.267] Pipe msg received
[14:06:08.268] Pipe msg received
[14:06:10.810] Pipe msg received
[14:06:10.810] Pipe msg received
[14:06:10.850] Pipe msg received
[14:06:12.170] Pipe msg received
[14:06:12.171] Pipe msg received
[14:06:12.172] Pipe msg received
[14:06:14.715] Pipe msg received
[14:06:14.740] Pipe msg received
[14:06:16.038] Pipe msg received
[14:06:18.628] Pipe msg received
[14:06:18.636] Pipe msg received
[14:06:19.936] Pipe msg received
[14:06:19.938] Pipe msg received
[14:06:21.239] Pipe msg received
[14:06:26.438] Pipe msg received
[14:06:27.716] Pipe msg received
[14:06:27.742] Pipe msg received
[14:06:29.039] Pipe msg received
[14:06:29.040] Pipe msg received
[14:06:34.283] Pipe msg received
[14:06:34.284] Pipe msg received
[14:06:34.285] Pipe msg received
[14:06:42.037] Pipe msg received
[14:06:49.845] Pipe msg received
[14:06:51.141] Pipe msg received
[14:06:52.461] Pipe msg received
[14:06:52.462] Pipe msg received
[14:06:53.710] Pipe msg received
[14:06:53.711] Pipe msg received
[14:06:53.736] Pipe msg received
[14:06:55.058] Pipe msg received
[14:06:55.059] Pipe msg received
[14:06:55.061] Pipe msg received
[14:06:56.360] Pipe msg received
[14:06:56.361] Pipe msg received
[14:06:57.632] Pipe msg received
[14:06:57.653] Pipe msg received
[14:06:57.655] Pipe msg received
[14:06:58.946] Pipe msg received
[14:07:00.197] Pipe msg received
[14:07:01.543] Pipe msg received
[14:07:02.835] Pipe msg received
[14:07:04.130] Pipe msg received
[14:07:05.458] Pipe msg received
[14:07:05.461] Pipe msg received
[14:07:06.734] Pipe msg received
[14:07:08.056] Pipe msg received
[14:07:08.058] Pipe msg received
[14:07:09.315] Pipe msg received
[14:07:09.353] Pipe msg received
[14:07:09.354] Pipe msg received
[14:07:10.659] Pipe msg received
[14:07:11.926] Pipe msg received
[14:07:13.259] Pipe msg received
[14:07:13.260] Pipe msg received
[14:07:15.864] Pipe msg received
[14:07:15.865] Pipe msg received
[14:07:17.128] Pipe msg received
[14:07:17.128] Pipe msg received
[14:07:17.140] Pipe msg received
[14:07:18.464] Pipe msg received
[14:07:18.465] Pipe msg received
[14:07:18.466] Pipe msg received
[14:07:19.733] Pipe msg received
[14:07:19.734] Pipe msg received
[14:07:19.757] Pipe msg received
[14:07:19.758] Pipe msg received
[14:07:21.040] Pipe msg received
[14:07:21.042] Pipe msg received
[14:07:21.043] Pipe msg received
[14:07:21.044] Pipe msg received
[14:07:21.082] Pipe msg received
[14:07:21.083] Pipe msg received
[14:07:21.084] Pipe msg received
[14:07:22.376] Pipe msg received
[14:07:22.377] Pipe msg received
[14:07:23.625] Pipe msg received
[14:07:23.626] Pipe msg received
[14:07:23.637] Pipe msg received
[14:07:24.930] Pipe msg received
[14:07:26.253] Pipe msg received
[14:07:26.254] Pipe msg received
[14:07:26.256] Pipe msg received
[14:07:26.258] Pipe msg received
[14:07:26.280] Pipe msg received
[14:07:26.282] Pipe msg received
[14:07:26.284] Pipe msg received
[14:07:26.284] Pipe msg received
[14:07:26.286] Pipe msg received
[14:07:27.550] Pipe msg received
[14:07:27.551] Pipe msg received
[14:07:27.551] Pipe msg received
[14:07:27.583] Pipe msg received
[14:07:27.584] Pipe msg received
[14:07:27.586] Pipe msg received
[14:07:27.586] Pipe msg received
[14:07:27.587] Pipe msg received
[14:07:28.825] Pipe msg received
[14:07:28.829] Pipe msg received
[14:07:28.830] Pipe msg received
[14:07:28.856] Pipe msg received
[14:07:28.858] Pipe msg received
[14:07:30.155] Pipe msg received
[14:07:30.155] Pipe msg received
[14:07:30.156] Pipe msg received
[14:07:30.157] Pipe msg received
[14:07:30.159] Pipe msg received
[14:07:30.160] Pipe msg received
[14:07:30.172] Pipe msg received
[14:07:30.173] Pipe msg received
[14:07:30.173] Pipe msg received
[14:07:31.461] Pipe msg received
[14:07:31.463] Pipe msg received
[14:07:31.464] Pipe msg received
[14:07:31.464] Pipe msg received
[14:07:31.465] Pipe msg received
[14:07:31.465] Pipe msg received
[14:07:31.478] Pipe msg received
[14:07:31.480] Pipe msg received
[14:07:31.480] Pipe msg received
[14:07:32.743] Pipe msg received
[14:07:32.743] Pipe msg received
[14:07:32.744] Pipe msg received
[14:07:32.764] Pipe msg received
[14:07:32.765] Pipe msg received
[14:07:32.765] Pipe msg received
[14:07:34.038] Pipe msg received
[14:07:34.052] Pipe msg received
[14:07:34.052] Pipe msg received
[14:07:34.052] Pipe msg received
[14:07:35.333] Pipe msg received
[14:07:35.334] Pipe msg received
[14:07:35.335] Pipe msg received
[14:07:35.356] Pipe msg received
[14:07:35.356] Pipe msg received
[14:07:36.643] Pipe msg received
[14:07:36.643] Pipe msg received
[14:07:36.661] Pipe msg received
[14:07:36.663] Pipe msg received
[14:07:37.954] Pipe msg received
[14:07:37.955] Pipe msg received
[14:07:37.955] Pipe msg received
[14:07:39.261] Pipe msg received
[14:07:39.262] Pipe msg received
[14:07:39.280] Pipe msg received
[14:07:39.281] Pipe msg received
[14:07:39.281] Pipe msg received
[14:07:40.527] Pipe msg received
[14:07:40.528] Pipe msg received
[14:07:40.580] Pipe msg received
[14:07:40.581] Pipe msg received
[14:07:40.581] Pipe msg received
[14:07:40.582] Pipe msg received
[14:07:41.816] Pipe msg received
[14:07:41.840] Pipe msg received
[14:07:43.146] Pipe msg received
[14:07:43.147] Pipe msg received
[14:07:43.149] Pipe msg received
[14:07:44.431] Pipe msg received
[14:07:44.433] Pipe msg received
[14:07:44.433] Pipe msg received
[14:07:45.740] Pipe msg received
[14:07:45.742] Pipe msg received
[14:07:45.769] Pipe msg received
[14:07:45.770] Pipe msg received
[14:07:47.035] Pipe msg received
[14:07:48.349] Pipe msg received
[14:07:48.380] Pipe msg received
[14:07:48.381] Pipe msg received
[14:07:48.382] Pipe msg received
[14:07:48.386] Pipe msg received
[14:07:49.658] Pipe msg received
[14:07:49.659] Pipe msg received
[14:07:50.954] Pipe msg received
[14:07:50.955] Pipe msg received
[14:07:52.228] Pipe msg received
[14:07:52.230] Pipe msg received
[14:07:52.254] Pipe msg received
[14:07:53.542] Pipe msg received
[14:07:53.543] Pipe msg received
[14:07:53.564] Pipe msg received
[14:07:53.565] Pipe msg received
[14:07:54.838] Pipe msg received
[14:07:54.839] Pipe msg received
[14:07:54.842] Pipe msg received
[14:07:56.146] Pipe msg received
[14:07:57.465] Pipe msg received
[14:07:57.465] Pipe msg received
[14:07:58.741] Pipe msg received
[14:07:58.743] Pipe msg received
[14:07:58.744] Pipe msg received
[14:08:00.044] Pipe msg received
[14:08:00.045] Pipe msg received
[14:08:01.328] Pipe msg received
[14:08:01.358] Pipe msg received
[14:08:01.360] Pipe msg received
[14:08:02.598] Pipe msg received
[14:08:03.931] Pipe msg received
[14:08:03.938] Pipe msg received
[14:08:05.234] Pipe msg received
[14:08:05.235] Pipe msg received
[14:08:05.250] Pipe msg received
[14:08:06.540] Pipe msg received
[14:08:07.837] Pipe msg received
[14:08:07.839] Pipe msg received
[14:08:07.842] Pipe msg received
[14:08:07.866] Pipe msg received
[14:08:07.869] Pipe msg received
[14:08:09.136] Pipe msg received
[14:08:09.137] Pipe msg received
[14:08:09.138] Pipe msg received
[14:08:09.138] Pipe msg received
[14:08:09.157] Pipe msg received
[14:08:09.158] Pipe msg received
[14:08:10.401] Pipe msg received
[14:08:10.455] Pipe msg received
[14:08:11.742] Pipe msg received
[14:08:11.765] Pipe msg received
[14:08:13.021] Pipe msg received
[14:08:14.336] Pipe msg received
[14:08:14.338] Pipe msg received
[14:08:14.341] Pipe msg received
[14:08:15.612] Pipe msg received
[14:08:15.672] Pipe msg received
[14:08:15.674] Pipe msg received
[14:08:15.674] Pipe msg received
[14:08:16.958] Pipe msg received
[14:08:16.961] Pipe msg received
[14:08:16.961] Pipe msg received
[14:08:16.962] Pipe msg received
[14:08:16.962] Pipe msg received
[14:08:16.974] Pipe msg received
[14:08:16.975] Pipe msg received
[14:08:18.229] Pipe msg received
[14:08:18.284] Pipe msg received
[14:08:18.286] Pipe msg received
[14:08:18.286] Pipe msg received
[14:08:18.286] Pipe msg received
[14:08:19.541] Pipe msg received
[14:08:19.573] Pipe msg received
[14:08:19.574] Pipe msg received
[14:08:19.575] Pipe msg received
[14:08:20.843] Pipe msg received
[14:08:20.847] Pipe msg received
[14:08:20.849] Pipe msg received
[14:08:20.853] Pipe msg received
[14:08:20.859] Pipe msg received
[14:08:20.861] Pipe msg received
[14:08:22.143] Pipe msg received
[14:08:23.419] Pipe msg received
[14:08:23.443] Pipe msg received
[14:08:24.728] Pipe msg received
[14:08:24.730] Pipe msg received
[14:08:24.741] Pipe msg received
[14:08:26.071] Pipe msg received
[14:08:26.072] Pipe msg received
[14:08:27.305] Pipe msg received
[14:08:27.362] Pipe msg received
[14:08:27.363] Pipe msg received
[14:08:28.626] Pipe msg received
[14:08:28.628] Pipe msg received
[14:08:29.939] Pipe msg received
[14:08:33.844] Pipe msg received
[14:08:35.138] Pipe msg received
[14:08:35.163] Pipe msg received
[14:08:35.166] Pipe msg received
[14:08:39.039] Pipe msg received
[14:08:40.343] Pipe msg received
[14:08:41.655] Pipe msg received
[14:08:42.925] Pipe msg received
[14:08:42.926] Pipe msg received
[14:08:42.954] Pipe msg received
[14:08:44.222] Pipe msg received
[14:08:44.223] Pipe msg received
[14:08:45.530] Pipe msg received
[14:08:45.530] Pipe msg received
[14:08:49.442] Pipe msg received
[14:08:53.341] Pipe msg received
[17:33:40.453] OnSourceInitialized start
[17:33:40.454] HWND=1052288
[17:33:40.454] GWL_EXSTYLE before: 0x00080008
[17:33:40.455] GWL_EXSTYLE after: 0x080800A8
[17:33:40.455] Screen 0: {X=0,Y=0,Width=2560,Height=1440}
[17:33:40.457] Engine+Renderer OK
[17:33:40.458] Pipe client starting
[17:33:40.458] OnSourceInitialized OK
[17:33:40.472] Pipe connected event
[17:33:41.965] Pipe msg received
[17:33:42.979] Pipe msg received
[17:33:42.979] Pipe msg received
[17:33:42.980] Pipe msg received
[17:33:44.250] Pipe msg received
[17:33:45.827] Pipe msg received
[17:33:46.874] Pipe msg received
[17:33:46.875] Pipe msg received
[17:33:47.156] Pipe msg received
[17:33:47.157] Pipe msg received
[17:33:51.030] Pipe msg received
[17:33:51.031] Pipe msg received
[17:33:53.681] Pipe msg received
[17:33:54.672] Pipe msg received
[17:33:54.672] Pipe msg received
[17:33:55.949] Pipe msg received
[17:34:01.436] Pipe msg received
[17:34:01.436] Pipe msg received
[17:34:02.754] Pipe msg received
[17:34:13.170] Pipe msg received
[17:34:15.451] Pipe msg received
[17:34:15.738] Pipe msg received
[17:34:17.029] Pipe msg received
[17:34:19.636] Pipe msg received
[17:34:22.244] Pipe msg received
[17:34:23.533] Pipe msg received
[17:34:24.854] Pipe msg received
[17:34:26.128] Pipe msg received
[17:34:27.171] Pipe msg received
[17:34:27.172] Pipe msg received
[17:34:28.462] Pipe msg received
[17:34:31.050] Pipe msg received
[17:34:32.352] Pipe msg received
[17:34:33.975] Pipe msg received
[17:34:35.226] Pipe msg received
[17:34:36.252] Pipe msg received
